;image_id;eyeglasses;post_graduate;face_mustache;user_followed_by;face_beard;born;college;female;insta_user_id;face_sunglasses;user_posted_photos;income;PERMA;high_school;user_follows
0;1006128472675277355_183823541;False;False;False;148.0;False;1977;True;True;183823541.0;False;1344.0;55000;6;False;180.0
1;1007400161941294237_48972978;False;False;False;819.0;False;1992;False;True;48972978.0;False;210.0;55000;5;True;210.0
2;1008481031935075069_1556973431;False;False;True;56.0;True;1994;True;False;1556973431.0;False;8.0;55000;7;True;36.0
3;1009571600693736484_30837828;False;False;False;1617.0;False;1989;True;False;30837828.0;False;552.0;15000;8;False;1459.0
4;1012685343604174889_25469443;True;False;False;349.0;False;1994;True;True;25469443.0;False;947.0;35000;6;False;1086.0
5;1014647875767988286_8854187;False;False;False;177.0;False;1985;False;True;8854187.0;False;599.0;45000;7;True;411.0
6;1021130317134537684_265063047;True;False;False;389.0;False;1993;False;True;265063047.0;True;384.0;85000;4;True;32.0
7;1023345717026613642_289794729;False;False;True;598.0;True;1990;True;True;289794729.0;False;820.0;25000;6;False;398.0
8;1026136880078994643_22180590;False;False;True;890.0;True;1994;True;True;22180590.0;False;1365.0;45000;4;False;115.0
9;1027290159832173210_11520833;False;False;False;201.0;False;1978;False;True;11520833.0;False;312.0;95000;7;True;299.0
10;1027300326716017486_11520833;False;False;False;201.0;False;1978;False;True;11520833.0;False;312.0;95000;7;True;299.0
11;1028000946151923639_1600397470;False;True;False;469.0;False;1989;False;False;1600397470.0;False;448.0;25000;9;False;125.0
12;1028006517437537284_1600397470;False;True;False;469.0;False;1989;False;False;1600397470.0;False;448.0;25000;9;False;125.0
13;1030080175045846941_481709584;False;False;False;328.0;False;1997;False;True;481709584.0;False;178.0;15000;9;True;432.0
14;1030903895320600331_1600397470;False;True;False;469.0;False;1989;False;False;1600397470.0;False;448.0;25000;9;False;125.0
15;1031423671171576492_2062266819;False;False;False;3963.0;False;1985;True;True;2062266819.0;False;272.0;25000;9;False;339.0
16;1031430742172529532_2062266819;False;False;False;3963.0;False;1985;True;True;2062266819.0;False;272.0;25000;9;False;339.0
17;1031436037347110931_2062266819;False;False;False;3963.0;False;1985;True;True;2062266819.0;False;272.0;25000;9;False;339.0
18;1031441895741223082_2062266819;False;False;False;3963.0;False;1985;True;True;2062266819.0;False;272.0;25000;9;False;339.0
19;1031479284832432253_2062266819;True;False;True;3963.0;True;1985;True;True;2062266819.0;False;272.0;25000;9;False;339.0
20;1032788642163200897_703978203;True;False;False;687.0;False;1995;True;True;703978203.0;False;2277.0;25000;8;False;376.0
21;1033448185706178736_289794729;False;False;False;598.0;False;1990;True;True;289794729.0;False;820.0;25000;6;False;398.0
22;1034999356014667088_288335200;False;False;False;1077.0;False;1991;True;True;288335200.0;False;678.0;35000;7;False;481.0
23;1035568567781822576_703978203;False;False;False;687.0;False;1995;True;True;703978203.0;False;2277.0;25000;8;False;376.0
24;1042118747268191196_703978203;False;False;False;687.0;False;1995;True;True;703978203.0;False;2277.0;25000;8;False;376.0
25;1048031122180496587_2010977006;True;False;False;98.0;False;1996;False;True;2010977006.0;False;32.0;35000;5;True;151.0
26;1049614900859419895_31447990;False;False;False;191.0;False;1991;True;True;31447990.0;False;377.0;95000;8;False;223.0
27;1050629191485116710_2032642067;False;False;True;3168.0;True;1986;True;False;2032642067.0;False;181.0;5000;10;False;3420.0
28;1052429122964614990_452851338;False;False;False;287.0;False;1988;False;True;452851338.0;False;1207.0;25000;6;True;611.0
29;1053095745789661768_6734387;True;False;False;1047.0;True;1992;True;True;6734387.0;False;465.0;55000;6;False;888.0
30;1053814756658516451_703978203;False;False;False;687.0;False;1995;True;True;703978203.0;False;2277.0;25000;8;False;376.0
31;1054687350802747912_703978203;False;False;True;687.0;True;1995;True;True;703978203.0;False;2277.0;25000;8;False;376.0
32;1054776337246010637_22180590;False;False;False;890.0;False;1994;True;True;22180590.0;False;1365.0;45000;4;False;115.0
33;1055064758141140718_22180590;False;False;True;890.0;True;1994;True;True;22180590.0;False;1365.0;45000;4;False;115.0
34;1055480160994279013_22180590;False;False;True;890.0;True;1994;True;True;22180590.0;False;1365.0;45000;4;False;115.0
35;1055846418234151606_372088523;True;False;False;997.0;False;1981;True;True;372088523.0;False;1312.0;55000;6;False;816.0
36;1056872234833369923_183823541;False;False;False;148.0;False;1977;True;True;183823541.0;True;1344.0;55000;6;False;180.0
37;1058108940248856821_50853245;True;True;False;328.0;False;1986;False;True;50853245.0;True;653.0;75000;5;False;885.0
38;1059770510495792711_22180590;False;False;False;890.0;False;1994;True;True;22180590.0;False;1365.0;45000;4;False;115.0
39;1061061032364273187_452851338;False;False;False;287.0;False;1988;False;True;452851338.0;False;1207.0;25000;6;True;611.0
40;1061261001833966145_289794729;False;False;True;598.0;True;1990;True;True;289794729.0;False;820.0;25000;6;False;398.0
41;1062028352498867695_235671446;False;False;True;1318.0;True;1987;True;False;235671446.0;False;2997.0;55000;6;False;936.0
42;1064266660344517429_2032642067;False;False;False;3168.0;False;1986;True;False;2032642067.0;False;181.0;5000;10;False;3420.0
43;1065386418986506968_183823541;False;False;False;148.0;False;1977;True;True;183823541.0;False;1344.0;55000;6;False;180.0
44;1065386827092286186_183823541;False;False;False;148.0;False;1977;True;True;183823541.0;False;1344.0;55000;6;False;180.0
45;1066105592142584669_183823541;False;False;False;148.0;False;1977;True;True;183823541.0;False;1344.0;55000;6;False;180.0
46;1066187599104051989_1508580385;False;False;False;56.0;False;1986;False;True;1508580385.0;False;178.0;45000;7;True;47.0
47;1067728079648676571_1097967773;True;False;False;53.0;False;1991;True;False;1097967773.0;False;282.0;45000;6;False;154.0
48;1070763904553216311_30688353;False;False;False;74.0;False;1984;False;True;30688353.0;False;82.0;35000;8;True;338.0
49;1071842960897320514_421474712;False;True;True;259.0;True;1993;False;False;421474712.0;False;20.0;15000;10;False;21.0
50;1072908705383032309_481709584;False;False;False;328.0;False;1997;False;True;481709584.0;False;178.0;15000;9;True;432.0
51;1075452049376230595_22180590;False;False;False;890.0;False;1994;True;True;22180590.0;False;1365.0;45000;4;False;115.0
52;1077087097541390480_2062266819;False;False;False;3963.0;False;1985;True;True;2062266819.0;False;272.0;25000;9;False;339.0
53;1078284497312980936_1600397470;False;True;False;469.0;True;1989;False;False;1600397470.0;False;448.0;25000;9;False;125.0
54;1078295308602053007_703978203;True;False;False;687.0;False;1995;True;True;703978203.0;False;2277.0;25000;8;False;376.0
55;1079220441175203325_235671446;False;False;False;1318.0;False;1987;True;False;235671446.0;False;2997.0;55000;6;False;936.0
56;1082123867246586280_30688353;False;False;False;74.0;False;1984;False;True;30688353.0;False;82.0;35000;8;True;338.0
57;1082295379895128891_703978203;False;False;False;687.0;False;1995;True;True;703978203.0;False;2277.0;25000;8;False;376.0
58;1082895015522761992_1619510;True;False;False;364.0;False;1974;False;True;1619510.0;False;2037.0;45000;4;True;814.0
59;1086062959290247565_30688353;False;False;False;74.0;False;1984;False;True;30688353.0;False;82.0;35000;8;True;338.0
60;1087069857717396941_481709584;False;False;False;328.0;True;1997;False;True;481709584.0;False;178.0;15000;9;True;432.0
61;1088626558040224485_52590715;False;False;False;105.0;False;1985;True;True;52590715.0;False;464.0;5000;7;False;187.0
62;1088708298250083325_183823541;False;False;False;148.0;False;1977;True;True;183823541.0;False;1344.0;55000;6;False;180.0
63;1089347508448694547_246095675;True;False;False;412.0;False;1992;True;True;246095675.0;False;544.0;45000;6;False;461.0
64;1089664907254461397_2062266819;False;False;False;3963.0;False;1985;True;True;2062266819.0;False;272.0;25000;9;False;339.0
65;1089983330517999220_2010977006;False;False;True;98.0;False;1996;False;True;2010977006.0;False;32.0;35000;5;True;151.0
66;1090039003034555090_703978203;False;False;False;687.0;True;1995;True;True;703978203.0;False;2277.0;25000;8;False;376.0
67;1093804330181961053_481709584;False;False;False;328.0;False;1997;False;True;481709584.0;False;178.0;15000;9;True;432.0
68;1093872532442242237_46329534;False;False;False;322.0;False;1991;False;True;46329534.0;False;503.0;25000;4;True;559.0
69;1093873696185441499_46329534;False;False;True;322.0;False;1991;False;True;46329534.0;False;503.0;25000;4;True;559.0
70;1096718959309659367_235671446;False;False;True;1318.0;True;1987;True;False;235671446.0;False;2997.0;55000;6;False;936.0
71;1099577588877305838_288335200;False;False;False;1077.0;False;1991;True;True;288335200.0;False;678.0;35000;7;False;481.0
72;1099584576902785545_289794729;False;False;False;598.0;False;1990;True;True;289794729.0;False;820.0;25000;6;False;398.0
73;1100309594055685609_545497348;True;False;True;1345.0;True;1979;True;True;545497348.0;False;505.0;35000;6;False;498.0
74;1102461444897332186_1097967773;False;False;True;53.0;False;1991;True;False;1097967773.0;False;282.0;45000;6;False;154.0
75;1105351456574331829_31736205;False;False;False;732.0;False;1989;False;True;31736205.0;False;1052.0;35000;4;True;201.0
76;1108184188607035210_244047076;True;False;True;274.0;True;1985;True;False;244047076.0;True;221.0;45000;7;False;289.0
77;1108293303862516068_1097967773;False;False;False;53.0;False;1991;True;False;1097967773.0;False;282.0;45000;6;False;154.0
78;1109009892144745687_48972978;False;False;False;819.0;False;1992;False;True;48972978.0;False;210.0;55000;5;True;210.0
79;1110303324800766665_195148027;True;True;True;394.0;True;1988;False;False;195148027.0;False;113.0;75000;9;False;834.0
80;1111050444838040296_2062266819;False;False;False;3963.0;False;1985;True;True;2062266819.0;False;272.0;25000;9;False;339.0
81;1111654956847469026_703978203;False;False;False;687.0;False;1995;True;True;703978203.0;False;2277.0;25000;8;False;376.0
82;1113431893618070289_703978203;True;False;True;687.0;False;1995;True;True;703978203.0;True;2277.0;25000;8;False;376.0
83;1113985407089130132_2270275269;False;False;False;545.0;False;1997;False;True;2270275269.0;False;185.0;125000;6;True;2131.0
84;1118538638176367847_2143580844;True;False;True;13.0;False;1997;False;False;2143580844.0;False;43.0;25000;7;True;13.0
85;1119173063072314018_2062266819;False;False;False;3963.0;False;1985;True;True;2062266819.0;False;272.0;25000;9;False;339.0
86;1120494481947879905_289794729;True;False;False;598.0;False;1990;True;True;289794729.0;False;820.0;25000;6;False;398.0
87;1121090614986402304_289794729;False;False;False;598.0;False;1990;True;True;289794729.0;False;820.0;25000;6;False;398.0
88;1121328610942605665_183823541;False;False;False;148.0;False;1977;True;True;183823541.0;False;1344.0;55000;6;False;180.0
89;1124837247639593200_265063047;False;False;False;389.0;False;1993;False;True;265063047.0;False;384.0;85000;4;True;32.0
90;1127146542969994247_22180590;False;False;False;890.0;False;1994;True;True;22180590.0;False;1365.0;45000;4;False;115.0
91;1127768319886599704_481709584;False;False;True;328.0;False;1997;False;True;481709584.0;False;178.0;15000;9;True;432.0
92;1127788636915801241_235671446;True;False;True;1318.0;True;1987;True;False;235671446.0;False;2997.0;55000;6;False;936.0
93;1128231272246135851_619868570;False;False;True;612.0;True;1975;True;False;619868570.0;False;469.0;35000;5;False;1987.0
94;1128536576630466996_262136545;False;False;False;192.0;False;1984;True;True;262136545.0;False;905.0;45000;5;False;367.0
95;1128804028690231837_2062266819;False;False;False;3963.0;False;1985;True;True;2062266819.0;False;272.0;25000;9;False;339.0
96;1129043654932872637_31447990;False;False;False;191.0;False;1991;True;True;31447990.0;False;377.0;95000;8;False;223.0
97;1129342730736487828_619868570;False;False;False;612.0;True;1975;True;False;619868570.0;False;469.0;35000;5;False;1987.0
98;1130947064566884204_481709584;True;False;False;328.0;False;1997;False;True;481709584.0;False;178.0;15000;9;True;432.0
99;1131535298372167817_289794729;True;False;False;598.0;True;1990;True;True;289794729.0;False;820.0;25000;6;False;398.0
100;1131891320618085076_289794729;False;False;False;598.0;False;1990;True;True;289794729.0;False;820.0;25000;6;False;398.0
101;1133416157881552650_619868570;False;False;False;612.0;False;1975;True;False;619868570.0;False;469.0;35000;5;False;1987.0
102;1133540080528825625_235671446;False;False;True;1318.0;False;1987;True;False;235671446.0;False;2997.0;55000;6;False;936.0
103;1137206672302109614_25469443;False;False;True;349.0;True;1994;True;True;25469443.0;False;947.0;35000;6;False;1086.0
104;1138741030400693018_703978203;False;False;False;687.0;False;1995;True;True;703978203.0;False;2277.0;25000;8;False;376.0
105;1141020793866645734_8854187;True;False;False;177.0;False;1985;False;True;8854187.0;False;599.0;45000;7;True;411.0
106;1141420068996506556_55520631;True;False;False;106.0;False;1987;True;True;55520631.0;False;102.0;45000;9;False;67.0
107;1143870289330144516_588452400;True;False;False;196.0;False;1990;True;True;588452400.0;False;312.0;25000;9;False;233.0
108;1146049074885170129_703978203;False;False;False;687.0;False;1995;True;True;703978203.0;False;2277.0;25000;8;False;376.0
109;1147472408315302748_703978203;False;False;True;687.0;True;1995;True;True;703978203.0;False;2277.0;25000;8;False;376.0
110;1147517760528874625_1619510;True;False;False;364.0;False;1974;False;True;1619510.0;False;2037.0;45000;4;True;814.0
111;1150426494974342336_545497348;True;False;True;1345.0;True;1979;True;True;545497348.0;False;505.0;35000;6;False;498.0
112;1151061259080307184_703978203;True;False;False;687.0;False;1995;True;True;703978203.0;True;2277.0;25000;8;False;376.0
113;1151748580842324811_1249457735;False;False;False;66.0;False;1976;False;True;1249457735.0;False;30.0;125000;6;True;93.0
114;1152548730599248267_703978203;False;False;False;687.0;False;1995;True;True;703978203.0;False;2277.0;25000;8;False;376.0
115;1153300672281762672_31736205;False;False;False;732.0;False;1989;False;True;31736205.0;False;1052.0;35000;4;True;201.0
116;1154575461978264754_30191588;True;False;True;199.0;True;1993;False;False;30191588.0;False;72.0;55000;5;True;191.0
117;1156246401062322536_451627351;False;False;False;274.0;False;1982;True;False;451627351.0;False;348.0;25000;10;False;489.0
118;1156268315556571213_289794729;True;False;True;598.0;True;1990;True;True;289794729.0;False;820.0;25000;6;False;398.0
119;1157156485656769376_2062266819;False;False;False;3963.0;False;1985;True;True;2062266819.0;False;272.0;25000;9;False;339.0
120;1159009049126420648_451627351;False;False;False;274.0;True;1982;True;False;451627351.0;False;348.0;25000;10;False;489.0
121;1159098809465825780_289794729;False;False;False;598.0;False;1990;True;True;289794729.0;False;820.0;25000;6;False;398.0
122;1161265558244990274_235671446;False;False;True;1318.0;False;1987;True;False;235671446.0;False;2997.0;55000;6;False;936.0
123;1161272248118854406_451627351;False;False;True;274.0;True;1982;True;False;451627351.0;False;348.0;25000;10;False;489.0
124;1161289729659158670_451627351;False;False;False;274.0;False;1982;True;False;451627351.0;False;348.0;25000;10;False;489.0
125;1163159205862381281_650122500;True;False;True;133.0;True;1994;True;True;650122500.0;False;398.0;5000;3;False;191.0
126;1163816519919912528_7410944;False;False;False;146.0;False;1984;True;True;7410944.0;False;406.0;95000;5;False;118.0
127;1166393073973116955_451627351;False;False;False;274.0;False;1982;True;False;451627351.0;True;348.0;25000;10;False;489.0
128;1166720079118145387_650122500;True;False;False;133.0;False;1994;True;True;650122500.0;False;398.0;5000;3;False;191.0
129;1167724003725911873_481709584;True;False;False;328.0;False;1997;False;True;481709584.0;False;178.0;15000;9;True;432.0
130;1168381311886046799_30837828;False;False;True;1617.0;True;1989;True;False;30837828.0;False;552.0;15000;8;False;1459.0
131;1168479085979477433_481709584;False;False;True;328.0;False;1997;False;True;481709584.0;False;178.0;15000;9;True;432.0
132;1169124827666366985_451627351;False;False;False;274.0;False;1982;True;False;451627351.0;False;348.0;25000;10;False;489.0
133;1169300558971833449_48972978;False;False;False;819.0;False;1992;False;True;48972978.0;False;210.0;55000;5;True;210.0
134;1169553922463912590_2032642067;False;False;False;3168.0;False;1986;True;False;2032642067.0;False;181.0;5000;10;False;3420.0
135;1172114846862414179_703978203;False;False;False;687.0;False;1995;True;True;703978203.0;False;2277.0;25000;8;False;376.0
136;1175111672607976085_1804133497;False;False;False;126.0;False;1988;True;True;1804133497.0;False;60.0;55000;8;False;210.0
137;1176829981758387441_143763900;True;False;False;456.0;False;1992;False;True;143763900.0;False;772.0;65000;8;True;190.0
138;1179328042312096517_1097967773;False;False;False;53.0;False;1991;True;False;1097967773.0;False;282.0;45000;6;False;154.0
139;1179609623940591670_2062266819;False;False;False;3963.0;False;1985;True;True;2062266819.0;False;272.0;25000;9;False;339.0
140;1181362298969150439_249861555;False;False;False;445.0;False;1989;False;True;249861555.0;False;691.0;125000;6;True;5154.0
141;1181658502540359238_143763900;True;False;False;456.0;False;1992;False;True;143763900.0;False;772.0;65000;8;True;190.0
142;1181773371832824417_2062266819;False;False;False;3963.0;False;1985;True;True;2062266819.0;False;272.0;25000;9;False;339.0
143;1183368078375276725_249861555;False;False;False;445.0;False;1989;False;True;249861555.0;False;691.0;125000;6;True;5154.0
144;1183783574779859351_703978203;False;False;False;687.0;False;1995;True;True;703978203.0;False;2277.0;25000;8;False;376.0
145;1184183141970104869_276232195;False;False;True;1199.0;True;1994;True;False;276232195.0;False;427.0;35000;8;False;337.0
146;1184431552383343375_31736205;False;False;False;732.0;False;1989;False;True;31736205.0;False;1052.0;35000;4;True;201.0
147;1186236826897224544_703978203;False;False;False;687.0;False;1995;True;True;703978203.0;False;2277.0;25000;8;False;376.0
148;1186374644787597551_249861555;False;False;False;445.0;False;1989;False;True;249861555.0;False;691.0;125000;6;True;5154.0
149;1186471419262197685_46329534;False;False;False;322.0;False;1991;False;True;46329534.0;False;503.0;25000;4;True;559.0
150;1187159277515067908_249861555;False;False;False;445.0;False;1989;False;True;249861555.0;False;691.0;125000;6;True;5154.0
151;1187363178413542827_619868570;False;False;False;612.0;False;1975;True;False;619868570.0;False;469.0;35000;5;False;1987.0
152;1189362893863905637_289794729;True;False;False;598.0;False;1990;True;True;289794729.0;False;820.0;25000;6;False;398.0
153;1190110437364445573_55281515;False;False;False;206.0;False;1994;True;True;55281515.0;False;336.0;35000;6;False;102.0
154;1193251567630264014_481709584;False;False;False;328.0;False;1997;False;True;481709584.0;False;178.0;15000;9;True;432.0
155;1196505982927844255_52590715;False;False;False;105.0;False;1985;True;True;52590715.0;False;464.0;5000;7;False;187.0
156;1196618986924036909_249861555;False;False;False;445.0;False;1989;False;True;249861555.0;False;691.0;125000;6;True;5154.0
157;1199618649723216468_265063047;True;False;False;389.0;False;1993;False;True;265063047.0;False;384.0;85000;4;True;32.0
158;1199856683176456876_2062266819;False;False;False;3963.0;False;1985;True;True;2062266819.0;False;272.0;25000;9;False;339.0
159;1203725758842399662_289794729;False;False;False;598.0;False;1990;True;True;289794729.0;False;820.0;25000;6;False;398.0
160;1205354666744624821_30837828;False;False;False;1617.0;False;1989;True;False;30837828.0;False;552.0;15000;8;False;1459.0
161;1206072521237450734_619868570;False;False;False;612.0;False;1975;True;False;619868570.0;False;469.0;35000;5;False;1987.0
162;1206798353262169554_619868570;False;False;False;612.0;True;1975;True;False;619868570.0;False;469.0;35000;5;False;1987.0
163;1206965029986157532_451627351;False;False;False;274.0;False;1982;True;False;451627351.0;False;348.0;25000;10;False;489.0
164;1208286262591289182_143763900;True;False;True;456.0;True;1992;False;True;143763900.0;False;772.0;65000;8;True;190.0
165;1208342106122769122_249861555;False;False;False;445.0;False;1989;False;True;249861555.0;False;691.0;125000;6;True;5154.0
166;1208786693764363173_52590715;False;False;False;105.0;False;1985;True;True;52590715.0;False;464.0;5000;7;False;187.0
167;1208978123007742804_249861555;False;False;False;445.0;False;1989;False;True;249861555.0;False;691.0;125000;6;True;5154.0
168;1210185459159478524_52590715;False;False;False;105.0;False;1985;True;True;52590715.0;False;464.0;5000;7;False;187.0
169;1210472450326276837_262136545;False;False;False;192.0;False;1984;True;True;262136545.0;False;905.0;45000;5;False;367.0
170;1210483587461698091_249861555;False;False;False;445.0;False;1989;False;True;249861555.0;False;691.0;125000;6;True;5154.0
171;1211849639625677722_31736205;False;False;False;732.0;False;1989;False;True;31736205.0;False;1052.0;35000;4;True;201.0
172;1213209446278779838_249861555;False;False;False;445.0;False;1989;False;True;249861555.0;False;691.0;125000;6;True;5154.0
173;1214666837861012528_650122500;True;False;False;133.0;False;1994;True;True;650122500.0;False;398.0;5000;3;False;191.0
174;1217558159060767086_703978203;False;False;False;687.0;False;1995;True;True;703978203.0;False;2277.0;25000;8;False;376.0
175;1217695700078048346_30837828;False;False;False;1617.0;False;1989;True;False;30837828.0;False;552.0;15000;8;False;1459.0
176;1217913020632843000_451627351;False;False;False;274.0;False;1982;True;False;451627351.0;False;348.0;25000;10;False;489.0
177;1218595106603710241_545497348;False;False;True;1345.0;True;1979;True;True;545497348.0;False;505.0;35000;6;False;498.0
178;1219759514902271428_650122500;True;False;False;133.0;True;1994;True;True;650122500.0;False;398.0;5000;3;False;191.0
179;1219864808776843829_451627351;False;False;False;274.0;False;1982;True;False;451627351.0;False;348.0;25000;10;False;489.0
180;1220653247065652880_1619510;True;False;False;364.0;False;1974;False;True;1619510.0;False;2037.0;45000;4;True;814.0
181;1224238903873524452_249861555;False;False;False;445.0;False;1989;False;True;249861555.0;False;691.0;125000;6;True;5154.0
182;1224656855288123622_703978203;False;False;False;687.0;False;1995;True;True;703978203.0;False;2277.0;25000;8;False;376.0
183;1225071036566839368_265063047;False;False;False;389.0;False;1993;False;True;265063047.0;False;384.0;85000;4;True;32.0
184;1225433037509618456_289794729;False;False;False;598.0;False;1990;True;True;289794729.0;False;820.0;25000;6;False;398.0
185;1227763534476395508_451627351;False;False;False;274.0;False;1982;True;False;451627351.0;False;348.0;25000;10;False;489.0
186;1227774752153118220_481709584;False;False;False;328.0;False;1997;False;True;481709584.0;False;178.0;15000;9;True;432.0
187;1228549982482847886_53918317;False;False;False;100.0;False;1980;False;True;53918317.0;False;105.0;35000;1;True;174.0
188;1230792528342734924_31736205;False;False;False;732.0;False;1989;False;True;31736205.0;False;1052.0;35000;4;True;201.0
189;1231511625121166263_2062266819;False;False;False;3963.0;False;1985;True;True;2062266819.0;False;272.0;25000;9;False;339.0
190;1232008943361114876_451627351;False;False;False;274.0;False;1982;True;False;451627351.0;False;348.0;25000;10;False;489.0
191;1234232858947752909_703978203;False;False;False;687.0;False;1995;True;True;703978203.0;False;2277.0;25000;8;False;376.0
192;1234332453360495434_289794729;False;False;False;598.0;False;1990;True;True;289794729.0;False;820.0;25000;6;False;398.0
193;1235038948091657479_1619510;True;False;False;364.0;False;1974;False;True;1619510.0;False;2037.0;45000;4;True;814.0
194;1235135892481511496_703978203;False;False;False;687.0;False;1995;True;True;703978203.0;False;2277.0;25000;8;False;376.0
195;1235227961968746101_46329534;False;False;False;322.0;False;1991;False;True;46329534.0;False;503.0;25000;4;True;559.0
196;1237320905889289149_703978203;False;False;False;687.0;False;1995;True;True;703978203.0;False;2277.0;25000;8;False;376.0
197;1238585596248014360_2932434558;False;False;False;284.0;False;1995;False;True;2932434558.0;False;108.0;5000;5;True;432.0
198;1238602274728753647_50853245;False;True;False;328.0;False;1986;False;True;50853245.0;False;653.0;75000;5;False;885.0
199;1238679918761957651_183823541;False;False;False;148.0;False;1977;True;True;183823541.0;False;1344.0;55000;6;False;180.0
200;1239310945246189002_650122500;False;False;False;133.0;False;1994;True;True;650122500.0;False;398.0;5000;3;False;191.0
201;1239802719857063586_545497348;False;False;True;1345.0;True;1979;True;True;545497348.0;False;505.0;35000;6;False;498.0
202;1240259397964872991_22180590;False;False;True;890.0;True;1994;True;True;22180590.0;False;1365.0;45000;4;False;115.0
203;1241550952288198726_265063047;False;False;False;389.0;True;1993;False;True;265063047.0;True;384.0;85000;4;True;32.0
204;1242273458237522869_451627351;False;False;False;274.0;True;1982;True;False;451627351.0;False;348.0;25000;10;False;489.0
205;1242973723992134612_703978203;False;False;False;687.0;False;1995;True;True;703978203.0;False;2277.0;25000;8;False;376.0
206;1243169573476549099_451627351;False;False;False;274.0;False;1982;True;False;451627351.0;False;348.0;25000;10;False;489.0
207;1243886990528585973_265063047;False;False;False;389.0;False;1993;False;True;265063047.0;False;384.0;85000;4;True;32.0
208;1243896107727640368_30191588;True;False;False;199.0;False;1993;False;False;30191588.0;False;72.0;55000;5;True;191.0
209;1244273284416323763_451627351;False;False;False;274.0;False;1982;True;False;451627351.0;False;348.0;25000;10;False;489.0
210;1244458303033351597_235671446;False;False;False;1318.0;False;1987;True;False;235671446.0;False;2997.0;55000;6;False;936.0
211;1244993814102590243_451627351;False;False;False;274.0;False;1982;True;False;451627351.0;False;348.0;25000;10;False;489.0
212;1245699421460819575_452851338;True;False;False;287.0;False;1988;False;True;452851338.0;True;1207.0;25000;6;True;611.0
213;1246475455824183926_451627351;False;False;True;274.0;True;1982;True;False;451627351.0;True;348.0;25000;10;False;489.0
214;1248566081537644169_650122500;True;False;False;133.0;False;1994;True;True;650122500.0;False;398.0;5000;3;False;191.0
215;1249493821839277337_1619510;True;False;False;364.0;False;1974;False;True;1619510.0;False;2037.0;45000;4;True;814.0
216;1249833630097112864_1619510;True;False;False;364.0;False;1974;False;True;1619510.0;False;2037.0;45000;4;True;814.0
217;1251108060221437134_244047076;False;False;False;274.0;False;1985;True;False;244047076.0;False;221.0;45000;7;False;289.0
218;1256784068002735626_145242840;False;False;False;1365.0;False;1984;True;True;145242840.0;False;339.0;55000;8;False;1295.0
219;1259741690805068239_265063047;False;False;False;389.0;False;1993;False;True;265063047.0;False;384.0;85000;4;True;32.0
220;1260954160804243379_421474712;False;True;True;259.0;True;1993;False;False;421474712.0;False;20.0;15000;10;False;21.0
221;1260957137543734309_421474712;False;True;True;259.0;True;1993;False;False;421474712.0;False;20.0;15000;10;False;21.0
222;1261964348116687239_53918317;False;False;False;100.0;False;1980;False;True;53918317.0;False;105.0;35000;1;True;174.0
223;1263272063624974431_246095675;True;False;False;412.0;False;1992;True;True;246095675.0;False;544.0;45000;6;False;461.0
224;1265674524482548022_52590715;False;False;False;105.0;False;1985;True;True;52590715.0;False;464.0;5000;7;False;187.0
225;1265734565736980736_265063047;False;False;False;389.0;False;1993;False;True;265063047.0;False;384.0;85000;4;True;32.0
226;1266026148306642090_145242840;False;False;False;1365.0;False;1984;True;True;145242840.0;False;339.0;55000;8;False;1295.0
227;1266045800271134483_22180590;False;False;True;890.0;True;1994;True;True;22180590.0;False;1365.0;45000;4;False;115.0
228;1268415501210985506_481709584;False;False;True;328.0;False;1997;False;True;481709584.0;False;178.0;15000;9;True;432.0
229;1269010580931657875_451627351;False;False;False;274.0;False;1982;True;False;451627351.0;False;348.0;25000;10;False;489.0
230;1269922234992447641_249861555;False;False;False;445.0;False;1989;False;True;249861555.0;False;691.0;125000;6;True;5154.0
231;1270702328026694762_34069800;False;False;False;456.0;False;1988;True;True;34069800.0;False;757.0;85000;7;False;455.0
232;1272230027750326329_1901242351;False;False;False;258.0;False;1988;True;True;1901242351.0;False;242.0;75000;6;False;319.0
233;1272395682961333690_1600397470;False;True;True;469.0;True;1989;False;False;1600397470.0;False;448.0;25000;9;False;125.0
234;1273049554771276405_2062266819;False;False;False;3963.0;False;1985;True;True;2062266819.0;False;272.0;25000;9;False;339.0
235;1273243521754028618_183823541;False;False;True;148.0;False;1977;True;True;183823541.0;False;1344.0;55000;6;False;180.0
236;1273283701801009188_451627351;False;False;True;274.0;True;1982;True;False;451627351.0;False;348.0;25000;10;False;489.0
237;1274299082386963685_2321879606;True;False;False;32.0;False;1991;True;False;2321879606.0;True;6.0;5000;8;False;39.0
238;1274717879562883997_195148027;False;True;True;394.0;True;1988;False;False;195148027.0;False;113.0;75000;9;False;834.0
239;1274802238349888918_619868570;True;False;False;612.0;True;1975;True;False;619868570.0;True;469.0;35000;5;False;1987.0
240;1274824169944826183_451627351;False;False;True;274.0;True;1982;True;False;451627351.0;False;348.0;25000;10;False;489.0
241;1276300069670957910_52590715;False;False;False;105.0;False;1985;True;True;52590715.0;False;464.0;5000;7;False;187.0
242;1276955472565820822_46329534;False;False;False;322.0;False;1991;False;True;46329534.0;False;503.0;25000;4;True;559.0
243;1277574221263294562_249861555;False;False;False;445.0;False;1989;False;True;249861555.0;False;691.0;125000;6;True;5154.0
244;1277788075984196409_6734387;True;False;True;1047.0;True;1992;True;True;6734387.0;False;465.0;55000;6;False;888.0
245;1284455603200072608_52590715;False;False;False;105.0;False;1985;True;True;52590715.0;False;464.0;5000;7;False;187.0
246;1288676665467159924_481709584;False;False;False;328.0;False;1997;False;True;481709584.0;False;178.0;15000;9;True;432.0
247;1288865951001683750_619868570;True;False;True;612.0;True;1975;True;False;619868570.0;True;469.0;35000;5;False;1987.0
248;1291454832313430440_2092276386;False;False;False;545.0;True;1971;False;False;2092276386.0;False;358.0;25000;2;True;6303.0
249;1291499393731866251_265063047;False;False;False;389.0;False;1993;False;True;265063047.0;False;384.0;85000;4;True;32.0
250;1293142001751851388_2932434558;False;False;False;284.0;False;1995;False;True;2932434558.0;False;108.0;5000;5;True;432.0
251;1293570344418718452_145242840;False;False;False;1365.0;False;1984;True;True;145242840.0;False;339.0;55000;8;False;1295.0
252;1293887725036162677_265063047;False;False;False;389.0;True;1993;False;True;265063047.0;False;384.0;85000;4;True;32.0
253;1295959360971178475_452851338;False;False;True;287.0;False;1988;False;True;452851338.0;False;1207.0;25000;6;True;611.0
254;1298183309004557418_262136545;False;False;False;192.0;False;1984;True;True;262136545.0;False;905.0;45000;5;False;367.0
255;1298612027664673585_2092276386;True;False;False;545.0;False;1971;False;False;2092276386.0;False;358.0;25000;2;True;6303.0
256;1300008769157139534_703978203;False;False;True;687.0;False;1995;True;True;703978203.0;False;2277.0;25000;8;False;376.0
257;1300042709129510828_48972978;False;False;False;819.0;False;1992;False;True;48972978.0;False;210.0;55000;5;True;210.0
258;1301092605446910052_30191588;False;False;False;199.0;False;1993;False;False;30191588.0;False;72.0;55000;5;True;191.0
259;1303953467945401504_289794729;True;False;True;598.0;True;1990;True;True;289794729.0;False;820.0;25000;6;False;398.0
260;1305280784789970619_3600687598;True;False;True;14.0;True;1992;True;True;3600687598.0;False;5.0;35000;8;False;16.0
261;1305993895246628582_52590715;False;False;False;105.0;False;1985;True;True;52590715.0;False;464.0;5000;7;False;187.0
262;1306267142928355983_52590715;True;False;True;105.0;False;1985;True;True;52590715.0;True;464.0;5000;7;False;187.0
263;1306571891502439887_703978203;True;False;True;687.0;True;1995;True;True;703978203.0;True;2277.0;25000;8;False;376.0
264;1309002723857605440_650122500;True;False;False;133.0;False;1994;True;True;650122500.0;False;398.0;5000;3;False;191.0
265;1311124493535739749_52590715;False;False;False;105.0;False;1985;True;True;52590715.0;False;464.0;5000;7;False;187.0
266;1312572825580586450_262136545;False;False;False;192.0;False;1984;True;True;262136545.0;False;905.0;45000;5;False;367.0
267;1312872299170484429_421474712;False;True;False;259.0;True;1993;False;False;421474712.0;False;20.0;15000;10;False;21.0
268;1314026284825636757_1804133497;False;False;True;126.0;False;1988;True;True;1804133497.0;False;60.0;55000;8;False;210.0
269;1316030537663633910_421474712;False;True;True;259.0;False;1993;False;False;421474712.0;False;20.0;15000;10;False;21.0
270;1316935766269649244_265063047;False;False;False;389.0;False;1993;False;True;265063047.0;False;384.0;85000;4;True;32.0
271;1318392989759964761_703978203;False;False;False;687.0;False;1995;True;True;703978203.0;False;2277.0;25000;8;False;376.0
272;1318510874046839390_2010977006;False;False;False;98.0;True;1996;False;True;2010977006.0;False;32.0;35000;5;True;151.0
273;1318539616009973383_242886474;True;False;False;206.0;False;1993;False;True;242886474.0;False;260.0;5000;9;True;194.0
274;1321409077997509626_451627351;False;False;False;274.0;True;1982;True;False;451627351.0;True;348.0;25000;10;False;489.0
275;1321412303510244826_650122500;True;False;False;133.0;False;1994;True;True;650122500.0;False;398.0;5000;3;False;191.0
276;1323384587841288419_421474712;False;True;False;259.0;False;1993;False;False;421474712.0;False;20.0;15000;10;False;21.0
277;1323559562057475320_265063047;False;False;False;389.0;False;1993;False;True;265063047.0;False;384.0;85000;4;True;32.0
278;1323880408672156383_421474712;False;True;False;259.0;False;1993;False;False;421474712.0;False;20.0;15000;10;False;21.0
279;1332408859683338924_1308763259;True;False;False;363.0;False;1991;True;True;1308763259.0;True;63.0;55000;6;False;808.0
280;1332783950418129613_2123557533;True;False;False;95.0;False;1989;False;True;2123557533.0;False;56.0;55000;10;True;125.0
281;1333869981125243461_244047076;False;False;True;274.0;True;1985;True;False;244047076.0;False;221.0;45000;7;False;289.0
282;1333872513830434001_244047076;False;False;True;274.0;True;1985;True;False;244047076.0;False;221.0;45000;7;False;289.0
283;1336574105243277287_703978203;False;False;False;687.0;True;1995;True;True;703978203.0;False;2277.0;25000;8;False;376.0
284;1336612346743010368_1901242351;False;False;False;258.0;False;1988;True;True;1901242351.0;False;242.0;75000;6;False;319.0
285;1337862556357977455_265063047;False;False;False;389.0;False;1993;False;True;265063047.0;False;384.0;85000;4;True;32.0
286;133889077396716689_22180590;False;False;False;890.0;False;1994;True;True;22180590.0;False;1365.0;45000;4;False;115.0
287;1340220032222814188_265063047;False;False;False;389.0;False;1993;False;True;265063047.0;False;384.0;85000;4;True;32.0
288;1342629763764558194_1654216643;False;False;False;157.0;False;1998;False;False;1654216643.0;False;111.0;5000;4;True;7.0
289;1344965182690823986_619868570;True;False;False;612.0;False;1975;True;False;619868570.0;False;469.0;35000;5;False;1987.0
290;1344975009668187926_619868570;False;False;False;612.0;False;1975;True;False;619868570.0;False;469.0;35000;5;False;1987.0
291;1349546953205959643_235671446;False;False;True;1318.0;True;1987;True;False;235671446.0;False;2997.0;55000;6;False;936.0
292;1350517842264743864_244047076;False;False;False;274.0;False;1985;True;False;244047076.0;False;221.0;45000;7;False;289.0
293;1351844102044220846_650122500;False;False;False;133.0;False;1994;True;True;650122500.0;False;398.0;5000;3;False;191.0
294;1354718972721049039_345248280;True;False;False;514.0;False;1995;False;True;345248280.0;False;82.0;5000;7;True;449.0
295;1354721632716290640_1901242351;False;False;False;258.0;False;1988;True;True;1901242351.0;False;242.0;75000;6;False;319.0
296;1354723927284768643_50853245;False;True;False;328.0;False;1986;False;True;50853245.0;False;653.0;75000;5;False;885.0
297;1357213245576169480_395595054;True;False;False;170.0;False;1991;False;True;395595054.0;False;134.0;25000;3;True;307.0
298;1358014518894930964_3807589911;False;False;False;2478.0;False;1982;True;False;3807589911.0;False;239.0;55000;7;False;6586.0
299;1358242803142164673_395595054;False;False;False;170.0;False;1991;False;True;395595054.0;False;134.0;25000;3;True;307.0
300;1358262307956677508_650122500;True;False;False;133.0;False;1994;True;True;650122500.0;False;398.0;5000;3;False;191.0
301;1359534655510307696_34069800;False;False;False;456.0;False;1988;True;True;34069800.0;False;757.0;85000;7;False;455.0
302;1361056479955825510_2123557533;False;False;False;95.0;False;1989;False;True;2123557533.0;False;56.0;55000;10;True;125.0
303;1362489860749644754_242886474;True;False;False;206.0;False;1993;False;True;242886474.0;False;260.0;5000;9;True;194.0
304;1364962530263076239_235671446;False;False;True;1318.0;True;1987;True;False;235671446.0;False;2997.0;55000;6;False;936.0
305;1365568538370962290_235671446;False;False;True;1318.0;True;1987;True;False;235671446.0;False;2997.0;55000;6;False;936.0
306;1366891056395016567_1901242351;True;False;True;258.0;True;1988;True;True;1901242351.0;False;242.0;75000;6;False;319.0
307;1366967852364254506_55281515;False;False;False;206.0;False;1994;True;True;55281515.0;False;336.0;35000;6;False;102.0
308;1367025654889190167_451627351;False;False;True;274.0;True;1982;True;False;451627351.0;False;348.0;25000;10;False;489.0
309;1367519578191615842_1600397470;False;True;False;469.0;False;1989;False;False;1600397470.0;False;448.0;25000;9;False;125.0
310;1367624361401757012_244047076;True;False;False;274.0;False;1985;True;False;244047076.0;False;221.0;45000;7;False;289.0
311;1368476557395732173_183823541;False;False;False;148.0;False;1977;True;True;183823541.0;False;1344.0;55000;6;False;180.0
312;1368553148356860114_190011156;True;False;False;548.0;False;1989;False;True;190011156.0;False;371.0;45000;5;True;422.0
313;1368732558981071017_1901242351;False;False;False;258.0;False;1988;True;True;1901242351.0;False;242.0;75000;6;False;319.0
314;1370079000524881778_31736205;False;False;False;732.0;False;1989;False;True;31736205.0;False;1052.0;35000;4;True;201.0
315;1370600106634357682_235671446;True;False;True;1318.0;True;1987;True;False;235671446.0;False;2997.0;55000;6;False;936.0
316;1371403018146619846_244047076;False;False;False;274.0;False;1985;True;False;244047076.0;False;221.0;45000;7;False;289.0
317;1371950918609785783_703978203;False;False;False;687.0;False;1995;True;True;703978203.0;False;2277.0;25000;8;False;376.0
318;1372005939087270575_2932434558;False;False;False;284.0;False;1995;False;True;2932434558.0;False;108.0;5000;5;True;432.0
319;1372040976733898683_265063047;False;False;False;389.0;False;1993;False;True;265063047.0;False;384.0;85000;4;True;32.0
320;1372160325780816431_143763900;False;False;True;456.0;True;1992;False;True;143763900.0;False;772.0;65000;8;True;190.0
321;1372707114510510765_619868570;True;False;False;612.0;True;1975;True;False;619868570.0;False;469.0;35000;5;False;1987.0
322;1372785727494354721_53918317;False;False;False;100.0;True;1980;False;True;53918317.0;False;105.0;35000;1;True;174.0
323;1372871586851626025_53918317;False;False;False;100.0;False;1980;False;True;53918317.0;False;105.0;35000;1;True;174.0
324;1375140429632946704_235671446;True;False;False;1318.0;False;1987;True;False;235671446.0;False;2997.0;55000;6;False;936.0
325;1376279104516595912_52590715;False;False;False;105.0;False;1985;True;True;52590715.0;False;464.0;5000;7;False;187.0
326;1376990354406778669_316760531;False;False;False;51.0;False;1986;True;False;316760531.0;False;68.0;95000;5;False;84.0
327;1378505112825332709_703978203;True;False;False;687.0;False;1995;True;True;703978203.0;True;2277.0;25000;8;False;376.0
328;1378597781584893418_22180590;False;False;False;890.0;False;1994;True;True;22180590.0;False;1365.0;45000;4;False;115.0
329;1378660378846164096_244047076;False;False;False;274.0;False;1985;True;False;244047076.0;False;221.0;45000;7;False;289.0
330;1379868300791801518_33420910;True;False;False;271.0;True;1990;False;True;33420910.0;False;769.0;85000;8;True;247.0
331;1381359822188700300_242886474;False;False;False;206.0;True;1993;False;True;242886474.0;False;260.0;5000;9;True;194.0
332;1385098079505926986_34069800;False;False;False;456.0;False;1988;True;True;34069800.0;False;757.0;85000;7;False;455.0
333;1386611935293965633_265063047;False;False;False;389.0;True;1993;False;True;265063047.0;False;384.0;85000;4;True;32.0
334;1386735981910073425_703978203;False;False;False;687.0;False;1995;True;True;703978203.0;False;2277.0;25000;8;False;376.0
335;1387942492841764029_481709584;False;False;False;328.0;True;1997;False;True;481709584.0;False;178.0;15000;9;True;432.0
336;1388088834952407976_452851338;True;False;False;287.0;False;1988;False;True;452851338.0;True;1207.0;25000;6;True;611.0
337;1388178997179039023_265063047;False;False;True;389.0;True;1993;False;True;265063047.0;False;384.0;85000;4;True;32.0
338;1390902345704973183_703978203;False;False;True;687.0;True;1995;True;True;703978203.0;False;2277.0;25000;8;False;376.0
339;1390963087725378426_289794729;False;False;False;598.0;False;1990;True;True;289794729.0;False;820.0;25000;6;False;398.0
340;1391415139870028457_190011156;False;False;False;548.0;True;1989;False;True;190011156.0;False;371.0;45000;5;True;422.0
341;1393142840015496677_481709584;False;False;False;328.0;False;1997;False;True;481709584.0;False;178.0;15000;9;True;432.0
342;1393572868884795156_242886474;False;False;False;206.0;True;1993;False;True;242886474.0;False;260.0;5000;9;True;194.0
343;1394392351966952500_22180590;False;False;False;890.0;False;1994;True;True;22180590.0;False;1365.0;45000;4;False;115.0
344;1394395088139173006_235671446;False;False;False;1318.0;False;1987;True;False;235671446.0;False;2997.0;55000;6;False;936.0
345;1395309624307950041_34069800;True;False;False;456.0;False;1988;True;True;34069800.0;False;757.0;85000;7;False;455.0
346;1396692349089955080_703978203;False;False;False;687.0;False;1995;True;True;703978203.0;False;2277.0;25000;8;False;376.0
347;1400214249284696421_588452400;True;False;False;196.0;False;1990;True;True;588452400.0;True;312.0;25000;9;False;233.0
348;1400330419442051042_265063047;False;False;False;389.0;False;1993;False;True;265063047.0;False;384.0;85000;4;True;32.0
349;1401647619406869940_2270275269;False;False;False;545.0;False;1997;False;True;2270275269.0;False;185.0;125000;6;True;2131.0
350;1403078750149816425_2486800367;False;False;True;166.0;True;1989;True;True;2486800367.0;False;13.0;45000;9;False;355.0
351;1404798110693407880_451627351;False;False;False;274.0;False;1982;True;False;451627351.0;False;348.0;25000;10;False;489.0
352;1405249286387759123_703978203;True;False;False;687.0;False;1995;True;True;703978203.0;False;2277.0;25000;8;False;376.0
353;1407012339475282274_703978203;False;False;False;687.0;False;1995;True;True;703978203.0;False;2277.0;25000;8;False;376.0
354;1407439754891190962_242886474;False;False;False;206.0;False;1993;False;True;242886474.0;False;260.0;5000;9;True;194.0
355;1407630750593836456_452851338;False;False;False;287.0;False;1988;False;True;452851338.0;False;1207.0;25000;6;True;611.0
356;1408197986739289834_703978203;False;False;False;687.0;False;1995;True;True;703978203.0;False;2277.0;25000;8;False;376.0
357;1408281280902194527_31736205;True;False;False;732.0;False;1989;False;True;31736205.0;True;1052.0;35000;4;True;201.0
358;1408963211281256513_703978203;False;False;False;687.0;False;1995;True;True;703978203.0;False;2277.0;25000;8;False;376.0
359;1409794747350347784_345248280;True;False;True;514.0;True;1995;False;True;345248280.0;False;82.0;5000;7;True;449.0
360;1411933893048982341_2932434558;False;False;False;284.0;False;1995;False;True;2932434558.0;False;108.0;5000;5;True;432.0
361;1412627559393040700_619868570;False;False;False;612.0;False;1975;True;False;619868570.0;False;469.0;35000;5;False;1987.0
362;1412651934632182673_265063047;False;False;False;389.0;False;1993;False;True;265063047.0;False;384.0;85000;4;True;32.0
363;1414699890969546769_2270275269;False;False;False;545.0;False;1997;False;True;2270275269.0;False;185.0;125000;6;True;2131.0
364;1415479676759739144_372088523;False;False;False;997.0;False;1981;True;True;372088523.0;False;1312.0;55000;6;False;816.0
365;1415503729374191229_2932434558;False;False;False;284.0;False;1995;False;True;2932434558.0;False;108.0;5000;5;True;432.0
366;1417102858063251749_1804133497;False;False;False;126.0;False;1988;True;True;1804133497.0;False;60.0;55000;8;False;210.0
367;1417141603534141580_289794729;False;False;False;598.0;False;1990;True;True;289794729.0;False;820.0;25000;6;False;398.0
368;1417673271630213663_289794729;False;False;False;598.0;False;1990;True;True;289794729.0;False;820.0;25000;6;False;398.0
369;1417774186298013230_703978203;False;False;False;687.0;False;1995;True;True;703978203.0;False;2277.0;25000;8;False;376.0
370;1419954032289959640_451627351;False;False;False;274.0;False;1982;True;False;451627351.0;False;348.0;25000;10;False;489.0
371;1420633566086535605_2123557533;True;False;False;95.0;False;1989;False;True;2123557533.0;False;56.0;55000;10;True;125.0
372;1420733749024690806_451627351;True;False;True;274.0;True;1982;True;False;451627351.0;False;348.0;25000;10;False;489.0
373;1420834226371453966_1901242351;False;False;False;258.0;False;1988;True;True;1901242351.0;False;242.0;75000;6;False;319.0
374;1421794830081969130_33420910;False;False;False;271.0;False;1990;False;True;33420910.0;False;769.0;85000;8;True;247.0
375;1422173875139887367_619868570;False;False;False;612.0;False;1975;True;False;619868570.0;False;469.0;35000;5;False;1987.0
376;1422174085115123447_619868570;False;False;False;612.0;False;1975;True;False;619868570.0;False;469.0;35000;5;False;1987.0
377;1423002895138077214_1804133497;True;False;False;126.0;False;1988;True;True;1804133497.0;False;60.0;55000;8;False;210.0
378;1423110880414334945_1901242351;False;False;False;258.0;False;1988;True;True;1901242351.0;False;242.0;75000;6;False;319.0
379;1423436601329421841_1654216643;True;False;False;157.0;False;1998;False;False;1654216643.0;True;111.0;5000;4;True;7.0
380;1424114615394115510_481709584;False;False;False;328.0;False;1997;False;True;481709584.0;False;178.0;15000;9;True;432.0
381;1424255530981836553_288335200;True;False;False;1077.0;False;1991;True;True;288335200.0;False;678.0;35000;7;False;481.0
382;1424744201086396760_452851338;True;False;False;287.0;False;1988;False;True;452851338.0;False;1207.0;25000;6;True;611.0
383;1425969904004456376_1901242351;False;False;False;258.0;False;1988;True;True;1901242351.0;False;242.0;75000;6;False;319.0
384;1426305332745838172_288335200;False;False;True;1077.0;False;1991;True;True;288335200.0;False;678.0;35000;7;False;481.0
385;1426385245411190048_2123557533;True;False;False;95.0;False;1989;False;True;2123557533.0;False;56.0;55000;10;True;125.0
386;1429806413094123518_13745951;False;False;False;161.0;False;1977;True;True;13745951.0;False;720.0;95000;7;False;217.0
387;1429850720479380569_703978203;False;False;False;687.0;False;1995;True;True;703978203.0;False;2277.0;25000;8;False;376.0
388;1430170387118901240_265063047;True;False;False;389.0;True;1993;False;True;265063047.0;False;384.0;85000;4;True;32.0
389;1432152946582554315_289794729;False;False;False;598.0;False;1990;True;True;289794729.0;False;820.0;25000;6;False;398.0
390;1432344394488460727_52590715;False;False;False;105.0;False;1985;True;True;52590715.0;False;464.0;5000;7;False;187.0
391;1434181526291215978_703978203;True;False;False;687.0;False;1995;True;True;703978203.0;False;2277.0;25000;8;False;376.0
392;1435865314508096560_8854187;False;False;False;177.0;False;1985;False;True;8854187.0;False;599.0;45000;7;True;411.0
393;1437848108867570440_34069800;False;False;False;456.0;False;1988;True;True;34069800.0;False;757.0;85000;7;False;455.0
394;1438628841177238138_2010977006;False;False;False;98.0;False;1996;False;True;2010977006.0;False;32.0;35000;5;True;151.0
395;1439933435347388102_1901242351;False;False;False;258.0;False;1988;True;True;1901242351.0;False;242.0;75000;6;False;319.0
396;1440155166136843484_451627351;False;False;False;274.0;False;1982;True;False;451627351.0;False;348.0;25000;10;False;489.0
397;1441646641948925933_22180590;True;False;False;890.0;False;1994;True;True;22180590.0;True;1365.0;45000;4;False;115.0
398;1443021989799133036_143763900;True;False;False;456.0;False;1992;False;True;143763900.0;False;772.0;65000;8;True;190.0
399;1443065094317317414_288335200;False;False;True;1077.0;True;1991;True;True;288335200.0;False;678.0;35000;7;False;481.0
400;1446718463620180619_4147997969;False;False;True;250.0;True;1987;True;False;4147997969.0;False;80.0;125000;7;False;280.0
401;1446754373849587933_372088523;False;False;False;997.0;False;1981;True;True;372088523.0;False;1312.0;55000;6;False;816.0
402;1447972932282640388_1308763259;False;False;False;363.0;False;1991;True;True;1308763259.0;False;63.0;55000;6;False;808.0
403;1448673769317320281_703978203;False;False;False;687.0;False;1995;True;True;703978203.0;False;2277.0;25000;8;False;376.0
404;1448924216602960312_2932434558;False;False;False;284.0;False;1995;False;True;2932434558.0;False;108.0;5000;5;True;432.0
405;1451168730474068400_8854187;False;False;False;177.0;False;1985;False;True;8854187.0;False;599.0;45000;7;True;411.0
406;1453412305382718813_31736205;False;False;False;732.0;False;1989;False;True;31736205.0;False;1052.0;35000;4;True;201.0
407;1455291854509451908_703978203;False;False;False;687.0;False;1995;True;True;703978203.0;False;2277.0;25000;8;False;376.0
408;1457642583265147729_265063047;False;False;False;389.0;True;1993;False;True;265063047.0;False;384.0;85000;4;True;32.0
409;1458324413543624581_395595054;True;False;False;170.0;False;1991;False;True;395595054.0;True;134.0;25000;3;True;307.0
410;1458978663377774217_265063047;False;False;False;389.0;False;1993;False;True;265063047.0;False;384.0;85000;4;True;32.0
411;1459204310055071421_703978203;False;False;False;687.0;False;1995;True;True;703978203.0;False;2277.0;25000;8;False;376.0
412;1462520567290018430_30837828;False;False;True;1617.0;False;1989;True;False;30837828.0;False;552.0;15000;8;False;1459.0
413;1464831389652210047_650122500;True;False;False;133.0;False;1994;True;True;650122500.0;False;398.0;5000;3;False;191.0
414;1465233057534862816_1654216643;False;False;False;157.0;False;1998;False;False;1654216643.0;False;111.0;5000;4;True;7.0
415;1467572627899712839_703978203;False;False;False;687.0;False;1995;True;True;703978203.0;False;2277.0;25000;8;False;376.0
416;1468621688005500086_265063047;True;False;True;389.0;True;1993;False;True;265063047.0;False;384.0;85000;4;True;32.0
417;1468685031089501326_1804133497;False;False;True;126.0;True;1988;True;True;1804133497.0;False;60.0;55000;8;False;210.0
418;1473470002991731588_452851338;False;False;False;287.0;False;1988;False;True;452851338.0;False;1207.0;25000;6;True;611.0
419;1476413374212237713_703978203;False;False;False;687.0;False;1995;True;True;703978203.0;False;2277.0;25000;8;False;376.0
420;1477905550858521679_1901242351;False;False;False;258.0;False;1988;True;True;1901242351.0;False;242.0;75000;6;False;319.0
421;1478535725497450751_265063047;False;False;False;389.0;False;1993;False;True;265063047.0;False;384.0;85000;4;True;32.0
422;1478549625824061253_8854187;True;False;False;177.0;False;1985;False;True;8854187.0;False;599.0;45000;7;True;411.0
423;1478842124815414536_265063047;True;False;True;389.0;False;1993;False;True;265063047.0;False;384.0;85000;4;True;32.0
424;1481595042983337639_265063047;False;False;True;389.0;False;1993;False;True;265063047.0;False;384.0;85000;4;True;32.0
425;1485807914278429727_8854187;False;False;False;177.0;False;1985;False;True;8854187.0;False;599.0;45000;7;True;411.0
426;1490883169347874727_235671446;False;False;True;1318.0;True;1987;True;False;235671446.0;False;2997.0;55000;6;False;936.0
427;1491810648752273353_30837828;False;False;True;1617.0;True;1989;True;False;30837828.0;False;552.0;15000;8;False;1459.0
428;1492888932714006098_2264409557;False;False;False;105.0;True;1991;True;True;2264409557.0;False;513.0;25000;6;False;65.0
429;1493013377612710198_11520833;False;False;False;201.0;False;1978;False;True;11520833.0;False;312.0;95000;7;True;299.0
430;1493833296676403549_619868570;False;False;False;612.0;False;1975;True;False;619868570.0;False;469.0;35000;5;False;1987.0
431;1495000228972245763_287562303;False;False;False;456.0;False;1994;True;True;287562303.0;False;156.0;45000;7;False;373.0
432;1496808152900592071_619868570;True;False;True;612.0;False;1975;True;False;619868570.0;False;469.0;35000;5;False;1987.0
433;1498218079145841061_451627351;False;False;True;274.0;True;1982;True;False;451627351.0;False;348.0;25000;10;False;489.0
434;1499732275762730437_2010977006;False;False;False;98.0;False;1996;False;True;2010977006.0;False;32.0;35000;5;True;151.0
435;1499881880312302653_703978203;False;False;False;687.0;False;1995;True;True;703978203.0;False;2277.0;25000;8;False;376.0
436;1501900771388651632_190011156;False;False;False;548.0;False;1989;False;True;190011156.0;False;371.0;45000;5;True;422.0
437;1503228693697749731_34069800;False;False;False;456.0;False;1988;True;True;34069800.0;False;757.0;85000;7;False;455.0
438;1503329086478366836_451627351;False;False;True;274.0;False;1982;True;False;451627351.0;False;348.0;25000;10;False;489.0
439;1505920773636962183_249861555;True;False;False;445.0;False;1989;False;True;249861555.0;False;691.0;125000;6;True;5154.0
440;1506216460351311713_1804133497;True;False;False;126.0;False;1988;True;True;1804133497.0;False;60.0;55000;8;False;210.0
441;150739849224981035_11520833;False;False;False;201.0;False;1978;False;True;11520833.0;False;312.0;95000;7;True;299.0
442;1509062822628282428_288335200;False;False;False;1077.0;False;1991;True;True;288335200.0;False;678.0;35000;7;False;481.0
443;1509071079132829574_481709584;False;False;False;328.0;False;1997;False;True;481709584.0;False;178.0;15000;9;True;432.0
444;1510647775385534444_289794729;False;False;True;598.0;True;1990;True;True;289794729.0;False;820.0;25000;6;False;398.0
445;1511102366936541647_249861555;False;False;False;445.0;False;1989;False;True;249861555.0;False;691.0;125000;6;True;5154.0
446;1511502305885972187_244047076;False;False;True;274.0;True;1985;True;False;244047076.0;False;221.0;45000;7;False;289.0
447;1514152184685373769_703978203;False;False;False;687.0;False;1995;True;True;703978203.0;False;2277.0;25000;8;False;376.0
448;1518121984956648755_3988856;False;False;True;732.0;True;1979;False;True;3988856.0;False;610.0;125000;10;True;943.0
449;1518620296515535820_265063047;False;False;False;389.0;False;1993;False;True;265063047.0;False;384.0;85000;4;True;32.0
450;1520582825467504509_703978203;False;False;False;687.0;False;1995;True;True;703978203.0;False;2277.0;25000;8;False;376.0
451;1521660106461235185_1901242351;False;False;False;258.0;False;1988;True;True;1901242351.0;False;242.0;75000;6;False;319.0
452;1521900084866098030_7410944;False;False;False;146.0;True;1984;True;True;7410944.0;False;406.0;95000;5;False;118.0
453;1522192715046205287_31736205;False;False;False;732.0;False;1989;False;True;31736205.0;False;1052.0;35000;4;True;201.0
454;1522635769671073091_619868570;False;False;False;612.0;False;1975;True;False;619868570.0;False;469.0;35000;5;False;1987.0
455;1524186542826245793_235671446;True;False;True;1318.0;True;1987;True;False;235671446.0;False;2997.0;55000;6;False;936.0
456;1524902960029769656_451627351;False;False;True;274.0;True;1982;True;False;451627351.0;False;348.0;25000;10;False;489.0
457;1526406316854483625_8854187;True;False;True;177.0;False;1985;False;True;8854187.0;False;599.0;45000;7;True;411.0
458;1528341105023587651_42566739;True;False;False;241.0;False;1985;True;True;42566739.0;False;127.0;45000;7;False;498.0
459;1528652179471275914_55281515;False;False;False;206.0;False;1994;True;True;55281515.0;False;336.0;35000;6;False;102.0
460;1532174460098250304_30837828;False;False;False;1617.0;False;1989;True;False;30837828.0;False;552.0;15000;8;False;1459.0
461;1534910221893733033_30837828;True;False;False;1617.0;False;1989;True;False;30837828.0;False;552.0;15000;8;False;1459.0
462;1534957944843866099_50853245;False;True;False;328.0;False;1986;False;True;50853245.0;False;653.0;75000;5;False;885.0
463;1535271510942490744_1901242351;False;False;False;258.0;False;1988;True;True;1901242351.0;False;242.0;75000;6;False;319.0
464;1536610413041455670_3041716852;False;False;False;228.0;False;1979;False;True;3041716852.0;False;779.0;35000;5;True;526.0
465;1537086189872579099_372088523;False;False;True;997.0;False;1981;True;True;372088523.0;False;1312.0;55000;6;False;816.0
466;1539484233684704157_619868570;False;False;False;612.0;False;1975;True;False;619868570.0;False;469.0;35000;5;False;1987.0
467;1540249791689643806_451627351;True;False;False;274.0;False;1982;True;False;451627351.0;False;348.0;25000;10;False;489.0
468;1540882070309299886_30688353;False;False;False;74.0;False;1984;False;True;30688353.0;False;82.0;35000;8;True;338.0
469;174704524772789303_30738858;True;False;False;244.0;False;1978;True;True;30738858.0;False;568.0;75000;6;False;522.0
470;189236088382151340_53918317;False;False;False;100.0;False;1980;False;True;53918317.0;False;105.0;35000;1;True;174.0
471;194300871613035503_52590715;False;False;False;105.0;False;1985;True;True;52590715.0;False;464.0;5000;7;False;187.0
472;194441001044623144_22180590;True;False;False;890.0;False;1994;True;True;22180590.0;True;1365.0;45000;4;False;115.0
473;197123665413201209_46329534;False;False;False;322.0;False;1991;False;True;46329534.0;False;503.0;25000;4;True;559.0
474;205882305142774716_31736205;False;False;True;732.0;True;1989;False;True;31736205.0;False;1052.0;35000;4;True;201.0
475;212529314624257539_22180590;False;False;False;890.0;False;1994;True;True;22180590.0;False;1365.0;45000;4;False;115.0
476;217210014572778301_6734387;False;False;True;1047.0;False;1992;True;True;6734387.0;False;465.0;55000;6;False;888.0
477;224649947109161901_187539125;False;False;False;99.0;False;1969;False;False;187539125.0;False;1369.0;25000;5;True;94.0
478;239458686207300583_6734387;False;False;False;1047.0;False;1992;True;True;6734387.0;False;465.0;55000;6;False;888.0
479;252305841825973446_34069800;False;False;False;456.0;False;1988;True;True;34069800.0;False;757.0;85000;7;False;455.0
480;255791988606402403_1619510;True;False;False;364.0;False;1974;False;True;1619510.0;False;2037.0;45000;4;True;814.0
481;255860598485532006_184249078;False;False;False;35.0;True;1966;True;False;184249078.0;True;26.0;85000;3;False;10.0
482;256713499533440706_143763900;False;False;False;456.0;False;1992;False;True;143763900.0;False;772.0;65000;8;True;190.0
483;264660760961577508_20621627;False;False;True;218.0;True;1986;True;False;20621627.0;False;125.0;45000;8;False;142.0
484;274807357857134080_143763900;True;False;False;456.0;False;1992;False;True;143763900.0;False;772.0;65000;8;True;190.0
485;291953941_11520833;False;False;False;201.0;False;1978;False;True;11520833.0;False;312.0;95000;7;True;299.0
486;297104900960325864_6734387;False;False;True;1047.0;False;1992;True;True;6734387.0;True;465.0;55000;6;False;888.0
487;301317090953840134_7410944;False;False;False;146.0;False;1984;True;True;7410944.0;False;406.0;95000;5;False;118.0
488;305126490088239119_25469443;False;False;False;349.0;False;1994;True;True;25469443.0;False;947.0;35000;6;False;1086.0
489;306103660083067813_50853245;False;True;False;328.0;False;1986;False;True;50853245.0;False;653.0;75000;5;False;885.0
490;307202087182565005_1619510;True;False;False;364.0;False;1974;False;True;1619510.0;False;2037.0;45000;4;True;814.0
491;310043911324529297_25469443;False;False;False;349.0;False;1994;True;True;25469443.0;False;947.0;35000;6;False;1086.0
492;310054712680739576_25469443;False;False;False;349.0;False;1994;True;True;25469443.0;False;947.0;35000;6;False;1086.0
493;310641766007403015_25469443;False;False;False;349.0;False;1994;True;True;25469443.0;False;947.0;35000;6;False;1086.0
494;314727575751670609_50853245;False;True;False;328.0;False;1986;False;True;50853245.0;False;653.0;75000;5;False;885.0
495;315992308313718735_237464830;False;True;False;211.0;False;1985;False;False;237464830.0;False;62.0;150000;8;False;469.0
496;320380918697390496_25469443;False;False;False;349.0;False;1994;True;True;25469443.0;False;947.0;35000;6;False;1086.0
497;321976921228491149_50853245;False;True;False;328.0;False;1986;False;True;50853245.0;False;653.0;75000;5;False;885.0
498;326119202991993467_25469443;True;False;False;349.0;False;1994;True;True;25469443.0;False;947.0;35000;6;False;1086.0
499;327184657164832773_6734387;False;False;False;1047.0;False;1992;True;True;6734387.0;False;465.0;55000;6;False;888.0
500;332855613334164024_242494547;False;False;False;365.0;False;1997;False;True;242494547.0;False;82.0;5000;5;True;549.0
501;340628565739795062_25469443;False;False;False;349.0;True;1994;True;True;25469443.0;False;947.0;35000;6;False;1086.0
502;347117192762811231_13745951;False;False;False;161.0;False;1977;True;True;13745951.0;False;720.0;95000;7;False;217.0
503;347428695444648215_8854187;True;False;False;177.0;False;1985;False;True;8854187.0;False;599.0;45000;7;True;411.0
504;351682023560231478_50853245;False;True;False;328.0;False;1986;False;True;50853245.0;False;653.0;75000;5;False;885.0
505;354400870222017834_30837828;False;False;False;1617.0;False;1989;True;False;30837828.0;False;552.0;15000;8;False;1459.0
506;356422795600745111_276232195;False;False;False;1199.0;False;1994;True;False;276232195.0;False;427.0;35000;8;False;337.0
507;358866910528584501_50853245;False;True;False;328.0;False;1986;False;True;50853245.0;False;653.0;75000;5;False;885.0
508;367229630929342507_246095675;False;False;False;412.0;False;1992;True;True;246095675.0;False;544.0;45000;6;False;461.0
509;370297463_8854187;False;False;True;177.0;True;1985;False;True;8854187.0;False;599.0;45000;7;True;411.0
510;371770912301202620_22180590;False;False;False;890.0;False;1994;True;True;22180590.0;False;1365.0;45000;4;False;115.0
511;372759033005149456_242886474;False;False;False;206.0;False;1993;False;True;242886474.0;False;260.0;5000;9;True;194.0
512;374573599824668919_289794729;False;False;False;598.0;False;1990;True;True;289794729.0;False;820.0;25000;6;False;398.0
513;387092086379983580_52590715;False;False;False;105.0;False;1985;True;True;52590715.0;False;464.0;5000;7;False;187.0
514;390102945452691482_246095675;True;False;True;412.0;True;1992;True;True;246095675.0;False;544.0;45000;6;False;461.0
515;391444458186679426_288335200;True;False;False;1077.0;False;1991;True;True;288335200.0;False;678.0;35000;7;False;481.0
516;391562839603160668_3069744;False;False;False;311.0;False;1995;False;False;3069744.0;False;350.0;125000;7;True;240.0
517;391993096689342633_31736205;False;False;False;732.0;False;1989;False;True;31736205.0;False;1052.0;35000;4;True;201.0
518;397562795816835390_31736205;False;False;False;732.0;False;1989;False;True;31736205.0;False;1052.0;35000;4;True;201.0
519;402112806198499209_30191588;False;False;False;199.0;False;1993;False;False;30191588.0;False;72.0;55000;5;True;191.0
520;403618151786657518_263042348;True;False;False;316.0;False;1993;True;True;263042348.0;False;73.0;25000;7;False;347.0
521;403833222541002279_7410944;True;False;False;146.0;False;1984;True;True;7410944.0;False;406.0;95000;5;False;118.0
522;403883694911776889_289794729;False;False;False;598.0;False;1990;True;True;289794729.0;False;820.0;25000;6;False;398.0
523;411413952_11520833;True;False;False;201.0;False;1978;False;True;11520833.0;True;312.0;95000;7;True;299.0
524;413155092775648929_22180590;False;False;False;890.0;False;1994;True;True;22180590.0;False;1365.0;45000;4;False;115.0
525;416321095530109719_31736205;False;False;True;732.0;True;1989;False;True;31736205.0;False;1052.0;35000;4;True;201.0
526;420523612076975946_288335200;False;False;False;1077.0;False;1991;True;True;288335200.0;False;678.0;35000;7;False;481.0
527;421933687996092963_242494547;True;False;False;365.0;False;1997;False;True;242494547.0;False;82.0;5000;5;True;549.0
528;425033656614181886_31736205;False;False;False;732.0;True;1989;False;True;31736205.0;False;1052.0;35000;4;True;201.0
529;426678948443131571_242886474;False;False;False;206.0;False;1993;False;True;242886474.0;False;260.0;5000;9;True;194.0
530;426942057485372772_242886474;True;False;False;206.0;False;1993;False;True;242886474.0;False;260.0;5000;9;True;194.0
531;428461305327336482_22180590;False;False;False;890.0;False;1994;True;True;22180590.0;False;1365.0;45000;4;False;115.0
532;43625607_2829661;False;False;False;198.0;False;1980;True;True;2829661.0;False;124.0;55000;8;False;288.0
533;436256456995460068_195148027;False;True;False;394.0;False;1988;False;False;195148027.0;False;113.0;75000;9;False;834.0
534;442942275347208527_31736205;True;False;True;732.0;True;1989;False;True;31736205.0;True;1052.0;35000;4;True;201.0
535;443352545315384283_289794729;False;False;False;598.0;False;1990;True;True;289794729.0;False;820.0;25000;6;False;398.0
536;445906002282640094_25469443;False;False;False;349.0;False;1994;True;True;25469443.0;False;947.0;35000;6;False;1086.0
537;448818968615578579_289794729;True;False;False;598.0;False;1990;True;True;289794729.0;True;820.0;25000;6;False;398.0
538;453770399597471799_262136545;False;False;False;192.0;False;1984;True;True;262136545.0;False;905.0;45000;5;False;367.0
539;454509750646149577_372088523;True;False;False;997.0;False;1981;True;True;372088523.0;False;1312.0;55000;6;False;816.0
540;455785167131603637_25469443;False;False;False;349.0;False;1994;True;True;25469443.0;False;947.0;35000;6;False;1086.0
541;458628985640331024_3069744;True;False;True;311.0;True;1995;False;False;3069744.0;True;350.0;125000;7;True;240.0
542;458778193953124926_25469443;False;False;False;349.0;False;1994;True;True;25469443.0;False;947.0;35000;6;False;1086.0
543;462825426772127756_25469443;False;False;False;349.0;False;1994;True;True;25469443.0;False;947.0;35000;6;False;1086.0
544;463960428167655690_25469443;True;False;False;349.0;False;1994;True;True;25469443.0;True;947.0;35000;6;False;1086.0
545;467607967739768835_25469443;False;False;True;349.0;True;1994;True;True;25469443.0;False;947.0;35000;6;False;1086.0
546;470354045592605329_372088523;True;False;True;997.0;True;1981;True;True;372088523.0;False;1312.0;55000;6;False;816.0
547;472580808185666087_31736205;True;False;True;732.0;True;1989;False;True;31736205.0;False;1052.0;35000;4;True;201.0
548;479697413531154610_50853245;False;True;True;328.0;False;1986;False;True;50853245.0;False;653.0;75000;5;False;885.0
549;482842512049473949_183242721;False;False;False;138.0;False;1990;True;False;183242721.0;False;27.0;125000;7;False;122.0
550;486453512956886862_22180590;False;False;False;890.0;False;1994;True;True;22180590.0;False;1365.0;45000;4;False;115.0
551;487939272923600922_31736205;False;False;False;732.0;False;1989;False;True;31736205.0;False;1052.0;35000;4;True;201.0
552;488553276079845697_55281515;True;False;False;206.0;False;1994;True;True;55281515.0;False;336.0;35000;6;False;102.0
553;489559491505270992_55281515;True;False;False;206.0;False;1994;True;True;55281515.0;False;336.0;35000;6;False;102.0
554;492254192292232592_1619510;False;False;False;364.0;False;1974;False;True;1619510.0;False;2037.0;45000;4;True;814.0
555;494914629084338822_183823541;True;False;False;148.0;True;1977;True;True;183823541.0;False;1344.0;55000;6;False;180.0
556;497028025905963154_55520631;True;False;False;106.0;False;1987;True;True;55520631.0;False;102.0;45000;9;False;67.0
557;498567444241517726_242886474;False;False;False;206.0;False;1993;False;True;242886474.0;False;260.0;5000;9;True;194.0
558;499978201017277036_31736205;False;False;False;732.0;False;1989;False;True;31736205.0;False;1052.0;35000;4;True;201.0
559;499992549659387504_3069744;True;False;True;311.0;True;1995;False;False;3069744.0;False;350.0;125000;7;True;240.0
560;504602972773819435_3069744;False;False;False;311.0;False;1995;False;False;3069744.0;False;350.0;125000;7;True;240.0
561;514201053756517057_289794729;False;False;False;598.0;True;1990;True;True;289794729.0;False;820.0;25000;6;False;398.0
562;514756330447151533_265063047;True;False;True;389.0;True;1993;False;True;265063047.0;False;384.0;85000;4;True;32.0
563;517514965904274839_30837828;False;False;False;1617.0;False;1989;True;False;30837828.0;False;552.0;15000;8;False;1459.0
564;520192035056968221_13745951;False;False;False;161.0;False;1977;True;True;13745951.0;False;720.0;95000;7;False;217.0
565;520615956895928144_48972978;False;False;False;819.0;False;1992;False;True;48972978.0;False;210.0;55000;5;True;210.0
566;521724333870955520_33420910;True;False;False;271.0;False;1990;False;True;33420910.0;False;769.0;85000;8;True;247.0
567;526174114219880128_452851338;False;False;False;287.0;False;1988;False;True;452851338.0;False;1207.0;25000;6;True;611.0
568;526505112232432001_246095675;False;False;False;412.0;False;1992;True;True;246095675.0;False;544.0;45000;6;False;461.0
569;531892861873103964_288335200;False;False;False;1077.0;False;1991;True;True;288335200.0;False;678.0;35000;7;False;481.0
570;535784182254852824_31736205;True;False;True;732.0;True;1989;False;True;31736205.0;False;1052.0;35000;4;True;201.0
571;537118743643754482_242886474;False;False;False;206.0;False;1993;False;True;242886474.0;False;260.0;5000;9;True;194.0
572;539269169830751680_452851338;False;False;False;287.0;False;1988;False;True;452851338.0;False;1207.0;25000;6;True;611.0
573;539857794619352599_288335200;True;False;False;1077.0;False;1991;True;True;288335200.0;True;678.0;35000;7;False;481.0
574;540441446760135765_22180590;False;False;False;890.0;False;1994;True;True;22180590.0;False;1365.0;45000;4;False;115.0
575;542389452342072194_6734387;False;False;False;1047.0;False;1992;True;True;6734387.0;False;465.0;55000;6;False;888.0
576;544619904077444150_263042348;True;False;True;316.0;True;1993;True;True;263042348.0;False;73.0;25000;7;False;347.0
577;546539876851000827_3069744;False;False;False;311.0;False;1995;False;False;3069744.0;False;350.0;125000;7;True;240.0
578;551411600176353966_246095675;False;False;False;412.0;False;1992;True;True;246095675.0;False;544.0;45000;6;False;461.0
579;552290386934160201_31736205;False;False;False;732.0;False;1989;False;True;31736205.0;False;1052.0;35000;4;True;201.0
580;554326680362231683_288335200;False;False;False;1077.0;False;1991;True;True;288335200.0;False;678.0;35000;7;False;481.0
581;555657849427361155_1619510;True;False;False;364.0;False;1974;False;True;1619510.0;True;2037.0;45000;4;True;814.0
582;557959880247532235_31736205;False;False;False;732.0;False;1989;False;True;31736205.0;False;1052.0;35000;4;True;201.0
583;558569291499897993_34069800;False;False;False;456.0;False;1988;True;True;34069800.0;False;757.0;85000;7;False;455.0
584;559376976042974179_31736205;False;False;False;732.0;False;1989;False;True;31736205.0;False;1052.0;35000;4;True;201.0
585;562515409229194644_3069744;False;False;False;311.0;False;1995;False;False;3069744.0;False;350.0;125000;7;True;240.0
586;563163924561274434_3069744;False;False;False;311.0;False;1995;False;False;3069744.0;False;350.0;125000;7;True;240.0
587;563821473440894692_48972978;False;False;False;819.0;False;1992;False;True;48972978.0;False;210.0;55000;5;True;210.0
588;564650907061658835_288335200;True;False;False;1077.0;False;1991;True;True;288335200.0;True;678.0;35000;7;False;481.0
589;566036345191062038_31736205;True;False;False;732.0;False;1989;False;True;31736205.0;False;1052.0;35000;4;True;201.0
590;566159241326006359_246095675;False;False;False;412.0;False;1992;True;True;246095675.0;False;544.0;45000;6;False;461.0
591;569808570440543820_452851338;True;False;True;287.0;True;1988;False;True;452851338.0;True;1207.0;25000;6;True;611.0
592;573978884816387376_33420910;False;False;False;271.0;False;1990;False;True;33420910.0;False;769.0;85000;8;True;247.0
593;575422986204095743_3069744;False;False;False;311.0;False;1995;False;False;3069744.0;False;350.0;125000;7;True;240.0
594;578352761776822319_31736205;False;False;False;732.0;False;1989;False;True;31736205.0;False;1052.0;35000;4;True;201.0
595;579733547897202668_3069744;False;False;False;311.0;False;1995;False;False;3069744.0;False;350.0;125000;7;True;240.0
596;581496509184531323_31736205;False;False;False;732.0;False;1989;False;True;31736205.0;False;1052.0;35000;4;True;201.0
597;584057429265344874_289794729;False;False;True;598.0;True;1990;True;True;289794729.0;False;820.0;25000;6;False;398.0
598;588647026500843417_30837828;False;False;False;1617.0;False;1989;True;False;30837828.0;False;552.0;15000;8;False;1459.0
599;590561834563419671_33420910;False;False;True;271.0;False;1990;False;True;33420910.0;False;769.0;85000;8;True;247.0
600;590994212452963537_190011156;False;False;False;548.0;False;1989;False;True;190011156.0;False;371.0;45000;5;True;422.0
601;593111443376116774_650122500;False;False;True;133.0;False;1994;True;True;650122500.0;False;398.0;5000;3;False;191.0
602;593703749089356076_289794729;False;False;False;598.0;False;1990;True;True;289794729.0;False;820.0;25000;6;False;398.0
603;594210161409118183_619868570;False;False;False;612.0;True;1975;True;False;619868570.0;False;469.0;35000;5;False;1987.0
604;595108275599648237_288335200;False;False;False;1077.0;False;1991;True;True;288335200.0;False;678.0;35000;7;False;481.0
605;595588376334471821_6734387;True;False;False;1047.0;False;1992;True;True;6734387.0;True;465.0;55000;6;False;888.0
606;597349679084769838_246095675;True;False;False;412.0;False;1992;True;True;246095675.0;False;544.0;45000;6;False;461.0
607;599272690448536348_242494547;True;False;False;365.0;True;1997;False;True;242494547.0;False;82.0;5000;5;True;549.0
608;609551190987332274_183823541;False;False;False;148.0;False;1977;True;True;183823541.0;False;1344.0;55000;6;False;180.0
609;610433021314626929_244047076;False;False;False;274.0;False;1985;True;False;244047076.0;False;221.0;45000;7;False;289.0
610;614791373883304043_289794729;False;False;True;598.0;True;1990;True;True;289794729.0;False;820.0;25000;6;False;398.0
611;615282624093673565_31736205;False;False;False;732.0;False;1989;False;True;31736205.0;False;1052.0;35000;4;True;201.0
612;615392707670040773_55520631;True;False;False;106.0;False;1987;True;True;55520631.0;False;102.0;45000;9;False;67.0
613;615452890455267875_31736205;True;False;True;732.0;False;1989;False;True;31736205.0;False;1052.0;35000;4;True;201.0
614;618233146773203390_289794729;False;False;False;598.0;False;1990;True;True;289794729.0;False;820.0;25000;6;False;398.0
615;618255222930271174_289794729;False;False;False;598.0;False;1990;True;True;289794729.0;False;820.0;25000;6;False;398.0
616;618488207818259885_1619510;False;False;False;364.0;False;1974;False;True;1619510.0;False;2037.0;45000;4;True;814.0
617;621943038512149243_52590715;False;False;False;105.0;False;1985;True;True;52590715.0;False;464.0;5000;7;False;187.0
618;624982357716561112_452851338;True;False;False;287.0;False;1988;False;True;452851338.0;False;1207.0;25000;6;True;611.0
619;629214409134384940_288335200;True;False;False;1077.0;False;1991;True;True;288335200.0;True;678.0;35000;7;False;481.0
620;632653756991107536_25469443;False;False;True;349.0;True;1994;True;True;25469443.0;False;947.0;35000;6;False;1086.0
621;635513875543158274_452851338;False;False;False;287.0;False;1988;False;True;452851338.0;False;1207.0;25000;6;True;611.0
622;637742219617014115_246095675;False;False;False;412.0;True;1992;True;True;246095675.0;False;544.0;45000;6;False;461.0
623;639857200119426002_262136545;True;False;False;192.0;False;1984;True;True;262136545.0;False;905.0;45000;5;False;367.0
624;640461032482205141_452851338;False;False;True;287.0;True;1988;False;True;452851338.0;False;1207.0;25000;6;True;611.0
625;644167263663085740_31736205;False;False;False;732.0;False;1989;False;True;31736205.0;False;1052.0;35000;4;True;201.0
626;644517658934939835_18504643;True;False;False;620.0;False;1996;False;True;18504643.0;False;27.0;15000;6;True;464.0
627;649738388361402515_183823541;False;False;False;148.0;False;1977;True;True;183823541.0;False;1344.0;55000;6;False;180.0
628;655097982753102029_31736205;False;False;True;732.0;True;1989;False;True;31736205.0;False;1052.0;35000;4;True;201.0
629;655275199641776645_25469443;False;False;False;349.0;False;1994;True;True;25469443.0;False;947.0;35000;6;False;1086.0
630;657355180220213350_289794729;False;False;True;598.0;True;1990;True;True;289794729.0;False;820.0;25000;6;False;398.0
631;660918602349881248_288335200;False;False;False;1077.0;False;1991;True;True;288335200.0;False;678.0;35000;7;False;481.0
632;663801331551754609_31736205;False;False;True;732.0;True;1989;False;True;31736205.0;False;1052.0;35000;4;True;201.0
633;666994102239881506_289794729;False;False;False;598.0;False;1990;True;True;289794729.0;False;820.0;25000;6;False;398.0
634;676403768045400037_452851338;False;False;False;287.0;True;1988;False;True;452851338.0;False;1207.0;25000;6;True;611.0
635;676404166982430707_452851338;False;False;False;287.0;False;1988;False;True;452851338.0;False;1207.0;25000;6;True;611.0
636;678428233304018718_48972978;False;False;False;819.0;False;1992;False;True;48972978.0;False;210.0;55000;5;True;210.0
637;678975717019040844_22180590;False;False;False;890.0;False;1994;True;True;22180590.0;False;1365.0;45000;4;False;115.0
638;679834026089214839_25469443;False;False;True;349.0;False;1994;True;True;25469443.0;False;947.0;35000;6;False;1086.0
639;683607049293467418_242886474;False;False;False;206.0;False;1993;False;True;242886474.0;False;260.0;5000;9;True;194.0
640;684959874807360152_289794729;False;False;False;598.0;True;1990;True;True;289794729.0;False;820.0;25000;6;False;398.0
641;685098054892865496_345248280;True;False;False;514.0;True;1995;False;True;345248280.0;False;82.0;5000;7;True;449.0
642;686270775454816458_183823541;False;False;False;148.0;False;1977;True;True;183823541.0;False;1344.0;55000;6;False;180.0
643;688631761122718546_25469443;False;False;True;349.0;True;1994;True;True;25469443.0;False;947.0;35000;6;False;1086.0
644;692191019090111580_452851338;False;False;False;287.0;False;1988;False;True;452851338.0;False;1207.0;25000;6;True;611.0
645;695967983436395241_25469443;True;False;False;349.0;False;1994;True;True;25469443.0;False;947.0;35000;6;False;1086.0
646;696700715464736588_22180590;True;False;False;890.0;False;1994;True;True;22180590.0;False;1365.0;45000;4;False;115.0
647;700820562511229535_25469443;True;False;True;349.0;True;1994;True;True;25469443.0;False;947.0;35000;6;False;1086.0
648;702929856053439840_452851338;True;False;False;287.0;True;1988;False;True;452851338.0;False;1207.0;25000;6;True;611.0
649;707257292709785665_25469443;False;False;False;349.0;False;1994;True;True;25469443.0;False;947.0;35000;6;False;1086.0
650;707257764552208465_25469443;False;False;False;349.0;False;1994;True;True;25469443.0;False;947.0;35000;6;False;1086.0
651;707987208381953359_244047076;True;False;True;274.0;True;1985;True;False;244047076.0;False;221.0;45000;7;False;289.0
652;708876231085854175_242886474;False;False;False;206.0;False;1993;False;True;242886474.0;False;260.0;5000;9;True;194.0
653;714786706573960239_288335200;False;False;False;1077.0;False;1991;True;True;288335200.0;False;678.0;35000;7;False;481.0
654;715362546740562972_242886474;False;False;False;206.0;False;1993;False;True;242886474.0;False;260.0;5000;9;True;194.0
655;715372955744800005_242886474;False;False;True;206.0;True;1993;False;True;242886474.0;False;260.0;5000;9;True;194.0
656;716265587382822339_3069744;False;False;False;311.0;False;1995;False;False;3069744.0;False;350.0;125000;7;True;240.0
657;719895412225495444_276232195;False;False;False;1199.0;False;1994;True;False;276232195.0;False;427.0;35000;8;False;337.0
658;720719085695726803_143763900;False;False;True;456.0;True;1992;False;True;143763900.0;False;772.0;65000;8;True;190.0
659;720974918942539354_22180590;False;False;False;890.0;False;1994;True;True;22180590.0;False;1365.0;45000;4;False;115.0
660;721933875931470315_183823541;False;False;False;148.0;False;1977;True;True;183823541.0;False;1344.0;55000;6;False;180.0
661;722106303901749292_276232195;True;False;False;1199.0;True;1994;True;False;276232195.0;False;427.0;35000;8;False;337.0
662;724191291833819567_265063047;False;False;False;389.0;False;1993;False;True;265063047.0;False;384.0;85000;4;True;32.0
663;724194595638284736_242494547;False;False;False;365.0;False;1997;False;True;242494547.0;False;82.0;5000;5;True;549.0
664;729047009679582485_288335200;False;False;False;1077.0;False;1991;True;True;288335200.0;False;678.0;35000;7;False;481.0
665;731219633168113393_46329534;False;False;True;322.0;False;1991;False;True;46329534.0;False;503.0;25000;4;True;559.0
666;732152318894514905_265063047;False;False;False;389.0;False;1993;False;True;265063047.0;False;384.0;85000;4;True;32.0
667;739270710983824125_246095675;False;False;False;412.0;False;1992;True;True;246095675.0;False;544.0;45000;6;False;461.0
668;739472758610235441_246095675;False;False;False;412.0;False;1992;True;True;246095675.0;False;544.0;45000;6;False;461.0
669;742335600128258447_25469443;True;False;False;349.0;False;1994;True;True;25469443.0;False;947.0;35000;6;False;1086.0
670;744268850762550620_242886474;False;False;False;206.0;False;1993;False;True;242886474.0;False;260.0;5000;9;True;194.0
671;747433238762713722_25469443;True;False;False;349.0;False;1994;True;True;25469443.0;False;947.0;35000;6;False;1086.0
672;756794646309854082_183823541;True;False;True;148.0;True;1977;True;True;183823541.0;False;1344.0;55000;6;False;180.0
673;762563395979941488_1223036636;True;False;False;169.0;False;1984;True;True;1223036636.0;False;48.0;125000;8;False;159.0
674;763992098432185338_8854187;True;False;True;177.0;True;1985;False;True;8854187.0;False;599.0;45000;7;True;411.0
675;765536435961129999_452851338;False;False;False;287.0;False;1988;False;True;452851338.0;False;1207.0;25000;6;True;611.0
676;768195856570046759_2829661;True;False;True;198.0;True;1980;True;True;2829661.0;True;124.0;55000;8;False;288.0
677;769728188946743085_1619510;True;False;False;364.0;False;1974;False;True;1619510.0;False;2037.0;45000;4;True;814.0
678;770602978361137280_31736205;False;False;False;732.0;False;1989;False;True;31736205.0;False;1052.0;35000;4;True;201.0
679;772501217624919170_242886474;False;False;True;206.0;True;1993;False;True;242886474.0;False;260.0;5000;9;True;194.0
680;773400532522031321_31736205;False;False;False;732.0;True;1989;False;True;31736205.0;False;1052.0;35000;4;True;201.0
681;774867049046530818_31736205;False;False;False;732.0;False;1989;False;True;31736205.0;False;1052.0;35000;4;True;201.0
682;776882908752750479_481709584;False;False;True;328.0;True;1997;False;True;481709584.0;False;178.0;15000;9;True;432.0
683;776929208164656178_481709584;False;False;False;328.0;False;1997;False;True;481709584.0;False;178.0;15000;9;True;432.0
684;777203684717076709_265063047;False;False;False;389.0;False;1993;False;True;265063047.0;False;384.0;85000;4;True;32.0
685;778589686096648694_31736205;False;False;True;732.0;False;1989;False;True;31736205.0;False;1052.0;35000;4;True;201.0
686;781506377300775087_372088523;True;False;True;997.0;True;1981;True;True;372088523.0;False;1312.0;55000;6;False;816.0
687;785453723373727990_1308763259;True;False;False;363.0;False;1991;True;True;1308763259.0;False;63.0;55000;6;False;808.0
688;787223992893062907_33420910;False;False;True;271.0;True;1990;False;True;33420910.0;False;769.0;85000;8;True;247.0
689;787601430126503449_481709584;False;False;False;328.0;False;1997;False;True;481709584.0;False;178.0;15000;9;True;432.0
690;789754900363591122_143854846;True;False;False;260.0;True;1987;True;True;143854846.0;False;744.0;35000;8;False;794.0
691;791592506832246419_30191588;False;False;False;199.0;False;1993;False;False;30191588.0;False;72.0;55000;5;True;191.0
692;792412267326972451_265063047;False;False;False;389.0;False;1993;False;True;265063047.0;False;384.0;85000;4;True;32.0
693;794650863463256408_195148027;False;True;False;394.0;False;1988;False;False;195148027.0;False;113.0;75000;9;False;834.0
694;797464370532889844_263042348;False;False;False;316.0;True;1993;True;True;263042348.0;False;73.0;25000;7;False;347.0
695;802494024766380900_31736205;False;False;False;732.0;False;1989;False;True;31736205.0;False;1052.0;35000;4;True;201.0
696;809087376678690904_265063047;True;False;False;389.0;False;1993;False;True;265063047.0;False;384.0;85000;4;True;32.0
697;809419408049377026_242886474;False;False;False;206.0;False;1993;False;True;242886474.0;False;260.0;5000;9;True;194.0
698;810205143730287894_143763900;False;False;False;456.0;False;1992;False;True;143763900.0;True;772.0;65000;8;True;190.0
699;819355382844290466_143763900;False;False;True;456.0;True;1992;False;True;143763900.0;False;772.0;65000;8;True;190.0
700;828508184675227635_190011156;False;False;False;548.0;False;1989;False;True;190011156.0;False;371.0;45000;5;True;422.0
701;829332836065776530_6734387;False;False;False;1047.0;False;1992;True;True;6734387.0;False;465.0;55000;6;False;888.0
702;829342720762114040_452851338;True;False;False;287.0;False;1988;False;True;452851338.0;True;1207.0;25000;6;True;611.0
703;830103665020365045_289794729;False;False;True;598.0;True;1990;True;True;289794729.0;False;820.0;25000;6;False;398.0
704;831035161088769873_33420910;False;False;False;271.0;False;1990;False;True;33420910.0;False;769.0;85000;8;True;247.0
705;834276892448978661_143763900;False;False;True;456.0;True;1992;False;True;143763900.0;False;772.0;65000;8;True;190.0
706;839281160826083968_183823541;False;False;False;148.0;False;1977;True;True;183823541.0;False;1344.0;55000;6;False;180.0
707;839304339020117920_143763900;False;False;False;456.0;False;1992;False;True;143763900.0;False;772.0;65000;8;True;190.0
708;840962086217636638_31736205;False;False;False;732.0;False;1989;False;True;31736205.0;False;1052.0;35000;4;True;201.0
709;844260530264456211_143854846;False;False;False;260.0;False;1987;True;True;143854846.0;True;744.0;35000;8;False;794.0
710;844356266477025029_143763900;False;False;False;456.0;False;1992;False;True;143763900.0;False;772.0;65000;8;True;190.0
711;848237236235458575_31736205;False;False;False;732.0;False;1989;False;True;31736205.0;False;1052.0;35000;4;True;201.0
712;849956952684725913_588452400;True;False;False;196.0;False;1990;True;True;588452400.0;False;312.0;25000;9;False;233.0
713;855272499356352430_143854846;True;False;False;260.0;False;1987;True;True;143854846.0;True;744.0;35000;8;False;794.0
714;855454211978221878_31736205;False;False;False;732.0;False;1989;False;True;31736205.0;False;1052.0;35000;4;True;201.0
715;863332728634668935_143763900;False;False;True;456.0;True;1992;False;True;143763900.0;False;772.0;65000;8;True;190.0
716;864015670610907151_276232195;True;False;True;1199.0;True;1994;True;False;276232195.0;False;427.0;35000;8;False;337.0
717;869679205362601334_48972978;False;False;False;819.0;False;1992;False;True;48972978.0;False;210.0;55000;5;True;210.0
718;869753842877396684_143763900;False;False;False;456.0;False;1992;False;True;143763900.0;False;772.0;65000;8;True;190.0
719;871067537008999566_143854846;False;False;False;260.0;False;1987;True;True;143854846.0;False;744.0;35000;8;False;794.0
720;874330207736432732_1508580385;False;False;False;56.0;False;1986;False;True;1508580385.0;False;178.0;45000;7;True;47.0
721;879034193091665151_1600397470;False;True;False;469.0;False;1989;False;False;1600397470.0;False;448.0;25000;9;False;125.0
722;885709174497014371_1308763259;False;False;False;363.0;False;1991;True;True;1308763259.0;False;63.0;55000;6;False;808.0
723;887772270499650491_31736205;False;False;True;732.0;True;1989;False;True;31736205.0;False;1052.0;35000;4;True;201.0
724;888148353911976895_25469443;False;False;False;349.0;False;1994;True;True;25469443.0;False;947.0;35000;6;False;1086.0
725;890897497823292184_275510681;False;False;False;2292.0;False;1994;True;True;275510681.0;False;51.0;95000;6;False;290.0
726;891508072735235623_46329534;False;False;False;322.0;False;1991;False;True;46329534.0;False;503.0;25000;4;True;559.0
727;895423483318065747_183823541;False;False;False;148.0;False;1977;True;True;183823541.0;False;1344.0;55000;6;False;180.0
728;898882100616209175_265063047;False;False;False;389.0;False;1993;False;True;265063047.0;False;384.0;85000;4;True;32.0
729;899999804643480554_703978203;False;False;False;687.0;False;1995;True;True;703978203.0;True;2277.0;25000;8;False;376.0
730;902345314939150655_265063047;False;False;False;389.0;False;1993;False;True;265063047.0;False;384.0;85000;4;True;32.0
731;902924195267690125_22180590;False;False;False;890.0;False;1994;True;True;22180590.0;False;1365.0;45000;4;False;115.0
732;904409067878222760_1508580385;False;False;False;56.0;False;1986;False;True;1508580385.0;True;178.0;45000;7;True;47.0
733;904709043721138082_452851338;True;False;False;287.0;False;1988;False;True;452851338.0;False;1207.0;25000;6;True;611.0
734;905045532617085608_703978203;True;False;False;687.0;False;1995;True;True;703978203.0;True;2277.0;25000;8;False;376.0
735;907454736789678249_262136545;True;False;False;192.0;False;1984;True;True;262136545.0;False;905.0;45000;5;False;367.0
736;910048548398472420_1600397470;False;True;False;469.0;False;1989;False;False;1600397470.0;False;448.0;25000;9;False;125.0
737;913996837217767691_703978203;False;False;False;687.0;False;1995;True;True;703978203.0;False;2277.0;25000;8;False;376.0
738;918132977183427283_1414011473;False;False;False;185.0;False;1983;True;False;1414011473.0;False;100.0;25000;8;False;529.0
739;920637304006410190_1619510;True;False;False;364.0;False;1974;False;True;1619510.0;False;2037.0;45000;4;True;814.0
740;921354348888827865_481709584;False;False;False;328.0;False;1997;False;True;481709584.0;False;178.0;15000;9;True;432.0
741;923495637068208208_31736205;False;False;False;732.0;False;1989;False;True;31736205.0;False;1052.0;35000;4;True;201.0
742;929972341410079727_265063047;False;False;True;389.0;False;1993;False;True;265063047.0;False;384.0;85000;4;True;32.0
743;932866879497604901_48972978;True;False;False;819.0;False;1992;False;True;48972978.0;False;210.0;55000;5;True;210.0
744;936369324268116217_31736205;False;False;True;732.0;True;1989;False;True;31736205.0;False;1052.0;35000;4;True;201.0
745;940034711496258276_25469443;False;False;True;349.0;True;1994;True;True;25469443.0;False;947.0;35000;6;False;1086.0
746;940911520333879543_31736205;True;False;True;732.0;True;1989;False;True;31736205.0;False;1052.0;35000;4;True;201.0
747;942214870171013304_276232195;False;False;False;1199.0;False;1994;True;False;276232195.0;False;427.0;35000;8;False;337.0
748;942999190732362015_1708321363;False;False;False;284.0;False;1959;True;True;1708321363.0;False;103.0;55000;6;False;376.0
749;943559502149997084_249861555;False;False;False;445.0;False;1989;False;True;249861555.0;False;691.0;125000;6;True;5154.0
750;945407823208838831_143763900;False;False;False;456.0;False;1992;False;True;143763900.0;False;772.0;65000;8;True;190.0
751;947280105207632783_703978203;False;False;False;687.0;False;1995;True;True;703978203.0;False;2277.0;25000;8;False;376.0
752;949548090606785321_6734387;False;False;False;1047.0;False;1992;True;True;6734387.0;False;465.0;55000;6;False;888.0
753;950955088024384256_52590715;True;False;False;105.0;False;1985;True;True;52590715.0;True;464.0;5000;7;False;187.0
754;953227880182704653_289794729;False;False;False;598.0;False;1990;True;True;289794729.0;False;820.0;25000;6;False;398.0
755;954028037996942943_190011156;True;False;False;548.0;True;1989;False;True;190011156.0;True;371.0;45000;5;True;422.0
756;954375518762963959_703978203;False;False;False;687.0;False;1995;True;True;703978203.0;False;2277.0;25000;8;False;376.0
757;955263408939005605_143763900;False;False;False;456.0;False;1992;False;True;143763900.0;False;772.0;65000;8;True;190.0
758;956749812656106131_289794729;False;False;False;598.0;False;1990;True;True;289794729.0;True;820.0;25000;6;False;398.0
759;959502928030339993_703978203;False;False;False;687.0;True;1995;True;True;703978203.0;False;2277.0;25000;8;False;376.0
760;961071976162326365_143763900;False;False;False;456.0;False;1992;False;True;143763900.0;False;772.0;65000;8;True;190.0
761;964631724312433543_372088523;False;False;False;997.0;False;1981;True;True;372088523.0;False;1312.0;55000;6;False;816.0
762;968550889032162391_1600397470;False;True;False;469.0;False;1989;False;False;1600397470.0;False;448.0;25000;9;False;125.0
763;969080626454544121_22180590;True;False;False;890.0;False;1994;True;True;22180590.0;False;1365.0;45000;4;False;115.0
764;969747816355086039_33420910;False;False;False;271.0;False;1990;False;True;33420910.0;False;769.0;85000;8;True;247.0
765;970601946648388869_481709584;True;False;False;328.0;True;1997;False;True;481709584.0;False;178.0;15000;9;True;432.0
766;971405727621877455_48972978;False;False;False;819.0;False;1992;False;True;48972978.0;False;210.0;55000;5;True;210.0
767;973368062729392519_703978203;True;False;False;687.0;False;1995;True;True;703978203.0;True;2277.0;25000;8;False;376.0
768;990947634741342494_25469443;False;False;True;349.0;True;1994;True;True;25469443.0;False;947.0;35000;6;False;1086.0
769;991357496766472862_265063047;False;False;False;389.0;False;1993;False;True;265063047.0;False;384.0;85000;4;True;32.0
770;993758062636745237_451627351;False;False;True;274.0;True;1982;True;False;451627351.0;True;348.0;25000;10;False;489.0
